{"columns":[0,1,2,3,4,5,6,7,8,9,10,11,12],"index":[0,1,2,3,4,5,6,7,8,9,10,11,12,13,14,15,16,17,18,19,20,21,22,23,24,25,26,27,28,29,30,31,32,33,34,35,36,37,38,39,40,41,42,43,44,45,46,47,48,49,50,51,52,53],"data":[[0.0209441347,177.4278448676,0.9313222356,1291.3227849505,0.4443904149,147.6978721268,4987.8632949344,6.7210087408,9.5570063114,0.0006586142,3.8234109607,-0.361098816,0.9919927455],[0.0314231401,1456.140704746,0.9114144793,8221.471799815,0.4759618832,266.4719131591,31429.7464945138,6.9032741137,9.6924534947,0.0006706949,4.1406938178,-0.3803539089,0.994461744],[0.000103017,669.1601601668,0.8743907184,2664.6793543616,0.0805042121,193.2498747557,9989.5572572797,8.5515935325,13.7201092493,0.0001004024,5.5812822072,-0.1963200694,0.9733243924],[0.2140913177,783.4105131197,0.8907175304,3584.2692310857,0.6262170553,341.157144762,13553.6664112233,4.4825852606,6.5522437897,0.0014007093,3.2254781909,-0.3713556388,0.9741928574],[0.3562285656,336.4851779198,0.970483366,5697.6763485976,0.6736496557,423.3613673587,22454.2202164708,4.1930607892,5.7953449959,0.0015996201,2.9127242165,-0.4310876349,0.9788835314],[0.1106638221,2293.0481438161,0.7629771337,4836.757460981,0.4056290657,105.5620956438,17053.9817001079,6.5332151888,10.0130228634,0.0005468862,5.1128285343,-0.2538836633,0.9722024799],[0.0002763743,362.9984753168,0.9106845459,2032.0106390697,0.1756527494,212.099543521,7765.0440809619,8.3669741042,12.7790699121,0.0002213524,4.7815426013,-0.275176383,0.9900917879],[0.0002075472,498.3169210535,0.9457966892,4597.7761725016,0.1485213458,274.8620906857,17892.7877689529,8.8347480705,13.4687851051,0.0001609846,5.1632754864,-0.2861916306,0.9940606484],[0.1486938938,725.4694842277,0.9300498702,5185.4430472883,0.5348708389,89.4666004045,20016.3027049256,5.7876394699,8.1274521721,0.0009236662,3.7993130585,-0.3973421697,0.9909512584],[0.0006047408,106.6372421228,0.9877043698,4337.1884024957,0.2908052611,271.9202214763,17242.1163678598,8.5152681452,11.9244278537,0.0004030758,3.9128033285,-0.4168579109,0.9989550322],[0.0052132726,343.8285204226,0.9170481801,2072.1007095783,0.3313684821,102.9080548015,7944.5743178907,7.497655281,10.9570715671,0.0003783799,4.3392967813,-0.3296690389,0.9928605447],[0.0048637025,396.6229350439,0.9635322253,5451.2234868883,0.2989416777,133.1444639942,21408.2710125091,7.9708582206,11.5686618014,0.0003142087,4.6136457154,-0.3492403726,0.9957181987],[0.0001033615,1750.2223016801,0.772556558,3847.1540048644,0.0659157091,203.8709873822,13638.3937177777,8.5332661307,14.2386286994,0.0000519016,6.335071956,-0.134435084,0.9325877602],[0.0007222687,317.4675084728,0.9595599981,3923.768071069,0.2665677842,252.4656559887,15377.604775803,8.7139844193,12.6133477415,0.0002867651,4.5539144191,-0.3718415229,0.9982863677],[0.0042381601,677.2195523546,0.9493300545,6684.2812936913,0.2383843218,254.4658409249,26059.9056224105,8.5455027438,12.6352902759,0.0002331604,4.8675812213,-0.3361139543,0.996821014],[0.000140498,1009.2450920158,0.9083762082,5507.3944603931,0.0566201905,189.7364303364,21020.3327495568,8.6452152839,13.9241704447,0.000061775,6.0040422531,-0.1837836638,0.9695978271],[0.0000690914,1688.2812421064,0.8141744963,4542.6965413788,0.0687458485,259.8494388913,16482.504923409,8.8580722022,14.4768165172,0.0000650531,6.1971585784,-0.1684740336,0.9636920652],[0.0059851604,196.8281236282,0.9739498788,3776.3867776771,0.5191210499,107.1515165799,14908.7189870802,7.1234209355,9.2238369492,0.0008862858,3.0269329007,-0.4955067557,0.998757085],[0.0577810288,637.4188755929,0.9282175612,4439.0719656843,0.4051798639,125.0704951291,17118.8689871441,7.0030267163,10.1875867589,0.0004995925,4.4192990618,-0.3642399992,0.9944545501],[0.0066359678,837.9171068158,0.8778021271,3428.6435694754,0.2758719495,176.2828972843,12876.6571710856,7.5459760445,11.5564941613,0.0002450245,5.1495978488,-0.2601851319,0.9837360718],[0.0005632856,175.2809527042,0.9761671184,3678.2787303578,0.2117167579,164.9361093328,14537.8339687269,8.2670688219,12.1324337657,0.0002944394,4.329857027,-0.3387794447,0.9960729745],[0.0005772011,893.8156067723,0.8967289407,4328.4193987077,0.1588347319,232.2713651134,16419.8619880587,8.5331382177,13.2872714783,0.000139807,5.4814176913,-0.2476213959,0.9874593257],[0.1236880129,1380.7696123301,0.8846666081,5984.7386461408,0.4630552606,400.2794621307,22558.1849722332,6.0947247672,9.0318884489,0.0007022699,4.4956822745,-0.3138328674,0.9822184871],[0.0024666882,1204.927283823,0.8541740028,4130.938350002,0.1908119222,183.5714231562,15318.8261161851,8.0244592456,12.6306025662,0.0001432729,5.651779574,-0.2215674353,0.9777385651],[0.0063588916,389.1085717521,0.9137226344,2261.6037962976,0.4416418413,238.042899795,8657.3066134382,7.4473447171,10.5110712531,0.0007854178,3.9935439182,-0.3924909777,0.9966908655],[0.0344441213,2859.5700785001,0.5129609159,2934.5761180547,0.2643624343,331.227455467,8878.7343937187,6.9105940966,11.159421702,0.0002214857,5.8575884898,-0.1918565368,0.9508223769],[0.1733735388,2000.8437088045,0.5609853507,2278.1636137615,0.4678442594,344.0382581071,7111.8107462414,5.444074139,8.4714222502,0.0007485206,4.6706377798,-0.2601208465,0.95904228],[0.060712464,2685.6124007765,0.5393040408,2913.5541847361,0.3297755547,333.2329442158,8968.6043381681,6.4798202094,10.3130064444,0.0003407959,5.4798731841,-0.2126583918,0.9551000694],[0.0013984906,1469.8083985859,0.7043975159,2485.4777521768,0.2900588887,156.2357449106,8472.1026101214,7.9931402939,12.250010532,0.0002984522,5.1406572539,-0.2712214189,0.9883240236],[0.0008155635,425.5992802855,0.9373005275,3393.831585827,0.2579169615,137.2580092225,13149.7270630226,8.3784811668,12.2854159231,0.000283209,4.5461279537,-0.3418167828,0.9966699518],[0.183454704,535.489511926,0.9605638198,6787.9471688878,0.5243985047,380.5477064328,26616.2991636252,5.8406532994,8.2932474809,0.000904707,3.6933589174,-0.405159215,0.9924107737],[0.0008764277,249.1676281,0.9683082921,3930.8204951597,0.3385150082,230.4625993312,15474.1143525388,8.2569724124,11.4580853345,0.0005138993,3.7111705956,-0.4279601203,0.9989198086],[0.2630467143,553.3046148219,0.9192904542,3427.023098134,0.6128916087,385.7583326881,13154.7877777142,4.7998313362,6.984227903,0.0013390493,3.4607312198,-0.3765243525,0.9799629542],[0.0008290144,533.2511483625,0.9403959756,4472.9962814405,0.2428924957,303.819566685,17358.7339773996,8.5470801535,12.7117222142,0.0002242331,4.9656443751,-0.3228923787,0.9959281781],[0.2615890553,761.2129616538,0.9479197461,7305.7896262208,0.5930440124,409.0218191775,28461.9455432295,4.8284057581,6.8500399515,0.0011867023,3.5388905458,-0.348361023,0.9713658924],[0.0002881031,333.7384171032,0.9505577029,3375.871805676,0.2135140693,173.6417180989,13169.7488056009,8.4969180867,12.6902928055,0.0002552535,4.7111760727,-0.3218606044,0.9957790846],[0.0114252415,522.3807606153,0.9580804175,6230.9826650611,0.2725651702,338.7851901277,24401.549899629,7.9686684999,11.8123976751,0.0002547554,4.8937316927,-0.3214322947,0.9942085958],[0.0047892849,140.1787572414,0.9602258536,1762.2704683006,0.491463211,146.215414593,6908.9031159612,7.1797355054,9.6905696583,0.0008285798,3.3210170734,-0.4474632233,0.9978577172],[0.0052013588,245.9053423911,0.9649415507,3509.2047440693,0.3679657828,220.0124768577,13790.913633886,8.048373345,11.239464087,0.0004742607,3.9318441108,-0.4197050717,0.9985993438],[0.0102027664,213.1205747413,0.9701510748,3571.0103259127,0.3146179389,107.1127317476,14070.9207289096,7.6619488521,11.1410941227,0.0003736941,4.3881045868,-0.3365063924,0.9939412241],[0.0089029206,227.2013962664,0.9628045584,3053.7431721646,0.3899949897,105.6891440389,11987.771292392,7.7672664022,11.0342700882,0.000474454,4.2068806611,-0.3931956876,0.9975729876],[0.0002453667,375.0354183492,0.9577624151,4439.3105524528,0.1400726905,282.9853017551,17382.206791462,8.79799673,13.340656456,0.0001629559,5.0370019723,-0.2940906832,0.9944343643],[0.0198217581,249.9116074547,0.9800496667,6266.5193711124,0.3563966633,255.5485385998,24816.165876995,7.767664278,11.1152853734,