{"columns":[0,1,2,3,4,5,6,7,8,9,10,11,12],"index":[0,1,2,3,4,5,6,7,8,9,10,11,12,13,14,15,16,17,18,19,20,21,22,23,24,25,26,27,28,29,30,31,32,33,34,35,36,37,38,39,40,41,42],"data":[[0.0109735905,818.7988062301,0.8006902005,2054.0584660854,0.3270790759,387.7128428239,7397.4350581115,7.1708710159,11.0768249298,0.0003334058,4.9426111067,-0.2668934716,0.98228246],[0.095531014,924.8175890703,0.9412475841,7870.2953802282,0.5619836603,334.4307227252,30556.3639318427,6.5673584603,8.8557234863,0.0009822604,3.6136455656,-0.471938378,0.9978427513],[0.2393913556,3848.3257592719,0.8291979854,11262.0850888945,0.5800703557,384.2036456411,41200.0145963059,4.3553879831,5.8226546525,0.0011546362,3.4218975389,-0.216653573,0.8692563151],[0.0573290151,1384.5056081894,0.9306899171,9991.0099230642,0.411442712,316.7799646003,38579.5340840674,7.0605860752,10.2265913467,0.0005313471,4.7196860276,-0.3289612754,0.9908290149],[0.0001934262,736.597675026,0.9430259613,6467.1785031818,0.1359724035,229.0872170147,25132.1163377011,8.8481512347,13.7449695952,0.0001330139,5.4401633813,-0.2494450748,0.9890885279],[0.1632235272,1183.3151083118,0.9106688417,6621.9317116708,0.5734559275,397.5598627958,25304.4117383715,5.255062589,7.2984290867,0.0010448503,3.4241589873,-0.3662041566,0.9805751885],[0.3221126987,1099.4509518089,0.8962375789,5297.5907625967,0.6337723148,417.6860552244,20090.9120985779,4.4380348142,6.4714166136,0.0014228286,3.4804246356,-0.3520956947,0.9679389429],[0.0005418821,341.5201931855,0.8717704975,1331.7181099143,0.194937983,223.9794467011,4985.3522464717,7.916378272,12.3092269843,0.0002265174,4.7527839948,-0.2390007591,0.9808064747],[0.0067926904,86.740998123,0.9787601146,2041.3064322827,0.4945438131,259.2094471405,8078.4847310076,7.5849298892,10.0870323522,0.0007587586,3.2778134835,-0.4864883956,0.9991170102],[0.0006190133,274.7979106057,0.9674607415,4223.2278162094,0.1953977004,239.7346662526,16618.113354232,8.6807299542,12.8769520977,0.0002341526,4.6497609977,-0.3308831481,0.9963800753],[0.0000801553,1423.6735416038,0.7437302608,2777.1616346295,0.052314016,339.5152451069,9684.9729969142,8.4188918872,14.1793095787,0.000055389,6.2033519686,-0.1168298549,0.9076392636],[0.0002238512,398.0742253925,0.9522823219,4171.9616121204,0.1654261065,267.4142387981,16289.7722230893,8.6397805325,13.1679686653,0.000190267,4.9494015291,-0.2798766528,0.9919129736],[0.0002967425,292.9672519886,0.7885423007,692.7667347857,0.1168883112,117.2224968496,2478.0996871544,7.5769797787,12.3611905296,0.0001899094,4.9967295226,-0.1483176011,0.9231438599],[0.0006462305,880.6037164943,0.9289356379,6196.0051902276,0.1720466798,227.7747238164,23903.4170444162,8.2831126616,12.7510734305,0.0001771621,5.272041472,-0.2509930168,0.9861081536],[0.0003084562,883.666659393,0.9265128322,6013.9063027909,0.138716237,192.7268285189,23171.9585517705,8.5228363149,13.3779281002,0.0001468301,5.370862038,-0.2304630914,0.9835422611],[0.0008107315,530.3245947185,0.8449222702,1709.7395733463,0.2180518122,155.7503675563,6308.6336986666,8.1430301635,12.7041854263,0.0001933132,5.1282560028,-0.2384836844,0.9830331405],[0.0002716134,893.9542134462,0.8623746118,3248.0622576135,0.1530402473,178.2572179862,12098.2948170079,8.5679134616,13.3627130863,0.0001576469,5.3633364047,-0.2408759909,0.9858715561],[0.0002510291,280.4834304403,0.9591895147,3435.7301279562,0.1715488458,211.0707059758,13462.4370813847,8.6587773813,12.9575383328,0.0002161429,4.7406583308,-0.309975575,0.9952861576],[0.0001800485,1149.2151937094,0.8722892082,4505.2127915885,0.1252998273,157.7611493009,16871.6359726444,8.524884925,13.5130459646,0.0001305936,5.561161,-0.2157462788,0.9792369599],[0.0008080199,648.8377313849,0.9161758902,3870.6152797785,0.2605535936,346.8212428064,14833.6233877289,8.5747685714,12.7211495964,0.0002560074,4.9325960809,-0.3294289819,0.9960503641],[0.000070609,1360.0919840469,0.8475908988,4463.0954888503,0.0682725451,226.7385433391,16492.2899713545,8.8576146391,14.4828887655,0.0000679952,6.0840951228,-0.1645100815,0.9593439696],[0.0009737599,314.1798976708,0.9458950332,2903.1039745338,0.2729727312,121.4225599266,11298.2360004644,8.2587875295,11.8522968081,0.0003688662,4.2358200168,-0.3704168817,0.9970594546],[0.0019255805,506.8831363615,0.9536472073,5467.3632503748,0.4003165294,217.4432973367,21362.5698651379,8.1782467108,11.3951386983,0.0005254887,4.0778304555,-0.4275637132,0.9988106757],[0.0002185575,836.1165190068,0.871544782,3253.3765162136,0.0994706654,229.2650578032,12177.3895458474,8.1628748754,13.1778792461,0.0001198796,5.4837279772,-0.203815332,0.9736512632],[0.0000563292,2373.6971752128,0.6970912042,3918.4595291002,0.0653941879,230.1725195121,13300.1409411878,8.7412074054,14.7487405877,0.0000487451,6.4918499231,-0.1221363103,0.9230050292],[0.0002784675,475.460740597,0.8905640439,2172.4504241555,0.1843676634,223.8990971223,8214.3409560249,8.4844997626,13.0237659694,0.0002038231,4.9794006731,-0.2712725974,0.9910727521],[0.3393452323,979.9751366267,0.8444071383,3148.3536497954,0.6344554404,439.7908409996,11613.439462555,4.3570508162,6.4004059797,0.0014287843,3.3488541458,-0.3548860872,0.9677102827],[0.00051924,75.8118264064,0.9452821827,692.9216953787,0.2012575483,163.3890719471,2695.8749551084,7.7125781886,11.5761640593,0.0003515631,4.0178301908,-0.281755699,0.9875476301],[0.0003433675,136.0388398639,0.9651484182,1951.8994130621,0.2017417593,191.9090692725,7671.5588123845,8.2948741371,12.3076193056,0.00033626,4.2713836726,-0.3172178792,0.9944539503],[0.0003020799,1117.7152321473,0.8958733547,5366.9204236421,0.1455483964,229.0942109315,20349.9664624213,8.6338359872,13.574142232,0.0001210594,5.6681964814,-0.2285075086,0.9841618026],[0.0002110255,892.6625068626,0.8938464379,4204.5620746353,0.0972457174,137.873037694,15925.5857916787,8.3777173024,13.3046763583,0.0001135815,5.5401001714,-0.1995180778,0.9715027764],[0.0001256155,1240.2555982582,0.7283975382,2283.0881310367,0.0924647245,268.9188208514,7892.0969258884,8.3589891472,13.6789584017,0.0001007385,5.7809298954,-0.173471595,0.9604721633],[0.0001344449,1119.8498328363,0.8569952409,3916.0056219868,0.0681976681,215.3297784914,14544.1726551108,8.4851229387,13.9978082604,0.0000713709,5.9833122203,-0.1623316288,0.9563209711],[0.0028196831,163.4430732754,0.9692537121,2657.679631111,0.3794593947,296.8924170956,10467.2754511684,7.8179970208,11.0013865938,0.0005172734,3.9693197581,-0.3995003276,0.9977285576],[0.0001261272,850.006254798,0.8523870806,2879.1351078917,0.1038430904,188.5071675862,10666.5341767689,8.608845467,13.788671398,0.0001136248,5.575730621,-0.2006781935,0.9747863252],[0.0003381511,211.1254027155,0.9784776099,4905.1998035012,0.2086774122,216.1956383043,19409.6738112895,8.7503898687,12.8197648297,0.0002667434,4.4810335007,-0.3488995928,0.9975238468],[0.2136476565,4873.6753146924,0.5976683736,6055.2374243684,0.5534724648,443.7312488373,19347.2743827811,4.5921473112,6.4914428794,0.0010572764,3.7624495052,-0.2177353415,0.8908818254],[0.0004630454,1724.8849196286,0.7086847066,2961.2379728206,0.0862583359,113.1947059455,10120.0669716537,8.1543912825,13.4049807191,0.0000632351,6.2182530465,-0.1322998318,0.9215202348],[0.0018307624,655.9808852561,0.9089141209,3601.5791907928,0.1932628475,208.4958417192,13750.3358779151,8.3287590133,12.8421513764,0.0001769591,5.113429008,-0.2735132112,0.9907613334],[0.0047358116,595.287687894,0.9285619415,4166.3766435,0.2691439407,259.4050904056,16070.2188861061,8.0224011388,12.0830530444,0.0002491703,4.8961826907,-0.317437224,0.9944787507],[0.0003797734,1303.1095919558,0.8276472823,3780.6989537727,0.1459480195,268.7241137082,13819.6862231349,8.5762887074,13.6449416855,0.000116557,5.7062956001,-0.2210337765,0.9821054332],[0.0008216471,1133.0941345449,0.8353221899,3440.9520895454,0.1402413242,273.6488066414,12630.7142236368,8.5821235912,13.6858621523,0.0001110274,5.6892331841,-0.219093655,0.9815438168],[0.0000956281,1193.9122378668,0.8099325333,3140.8998622517,0.0673366475,274.5602566019,11369.6872111401,8.5805506344,14.1918683977,0.0000664074,