{"columns":[0,1,2,3,4,5,6,7,8,9,10,11,12],"index":[0,1,2,3,4,5,6,7,8,9,10,11,12,13,14,15,16,17,18,19,20,21,22,23,24,25,26,27,28,29,30,31,32,33,34,35,36,37,38,39,40,41,42,43,44,45,46],"data":[[0.0007350075,530.5687176921,0.9472321575,5026.65548738,0.2986838128,271.3371914587,19576.053231828,8.5036161504,12.1549797277,0.0003686563,4.294620073,-0.3884789127,0.9982902136],[0.2205268424,8780.4248859638,0.4954063955,8699.7517406271,0.5250394161,417.8625079804,26018.5820765445,4.5646090118,6.183974167,0.0009647044,3.9003993117,-0.1143379412,0.7260224931],[0.0007622382,333.382174701,0.945533041,3059.7977740664,0.3375620921,326.9356093382,11905.8089215644,8.5403733893,12.048479515,0.0004260173,4.1694033477,-0.4093644345,0.9988080843],[0.3220703155,652.0869809911,0.9106299455,3647.0555147373,0.6633363344,439.7297655225,13936.135077958,4.1589451292,5.8407511308,0.0015129844,3.0111982975,-0.3975138179,0.9717469275],[0.0079531223,339.3246818306,0.9593164124,4168.5409331395,0.5237739572,151.9786782614,16334.8390507273,7.4023731595,9.8512304752,0.0008203002,3.5147203278,-0.4801095942,0.9988958046],[0.0008730097,1198.197846625,0.8940477689,5653.9808871614,0.1765108789,205.7169871048,21417.7257020206,8.425974037,13.2699065278,0.0001278897,5.6866162894,-0.2321189605,0.9839804233],[0.0007631416,157.9696966595,0.9774125762,3496.6650008616,0.3623386346,185.0048326006,13828.6903067867,8.4698527297,11.7930624622,0.0005090755,3.8374092694,-0.4271728811,0.9990534556],[0.3279064457,175.7451732471,0.9042579602,917.3528829094,0.7142882669,480.760087989,3493.6663583905,3.8890174877,5.1769428529,0.0016874782,2.4664625057,-0.4412759304,0.9722635425],[0.0023657388,367.3404574358,0.891386508,1691.3857876181,0.2730673107,311.2055479341,6398.2026930364,6.9599732397,10.3398070962,0.0003911506,4.1220833142,-0.2693428684,0.9764799504],[0.5249027857,71.2697854797,0.8972756071,346.6654111376,0.7883747311,277.5603827437,1315.3918590709,2.8779972003,3.9252496047,0.0023337717,1.9021267156,-0.4615626683,0.950241624],[0.0039442915,270.8522747203,0.9293212117,1915.936774569,0.5913338884,262.0130710337,7392.8948235559,7.8372536581,9.9559159729,0.001069986,3.0720008126,-0.5574924766,0.9997572598],[0.5335538783,957.3698680414,0.6667661726,1435.9886601712,0.7893243403,485.6726428968,4786.5847726432,2.7688014508,3.6834561641,0.0022732944,2.147906733,-0.4011410202,0.9175223264],[0.0116078358,101.712370082,0.9776907151,2280.1528693546,0.4796595935,206.8120366126,9018.8991073365,7.6944373665,10.2373968718,0.0007526287,3.148935428,-0.4969841928,0.9993379506],[0.0008538223,194.7196193433,0.8557693361,675.0672564919,0.1459413484,312.5750877069,2505.5494066243,7.2844895937,11.7218859056,0.0002046,4.7154945104,-0.1751477213,0.9419050031],[0.0003238687,1409.0384870635,0.9022120886,7203.6534297752,0.1692618707,213.1974712264,27405.5752320373,8.5319250073,12.9786035847,0.0001805857,5.2239324251,-0.2801661249,0.9921597492],[0.0031518848,53.732720335,0.9686171958,856.0202356263,0.4360509745,243.5981822157,3370.3482221702,7.0331491879,9.5771196456,0.0007279071,2.9915402349,-0.4194675067,0.9965063973],[0.0009693447,240.4586606861,0.9329442189,1795.0800834789,0.2989331947,232.7102923145,6939.8616732295,8.005910672,11.5522541479,0.0004018786,4.1653717602,-0.3606524162,0.9964750845],[0.0005450624,235.6770196785,0.9634740914,3226.059232923,0.3286575096,287.2096822657,12668.5599120137,8.6677589573,12.0354394683,0.0004932739,3.8242576282,-0.4350312425,0.9992104658],[0.2412898472,699.1094022802,0.9410860998,5930.8940808296,0.6065814873,415.9787465372,23024.4669210381,4.7817218108,6.7193335421,0.0012322164,3.4692296979,-0.3873008159,0.9796965935],[0.0010689192,904.0665581834,0.8755184679,3632.5310861324,0.1514669801,304.9718264057,13626.0577863462,7.7791333753,12.2759487901,0.0001412713,5.4040723356,-0.2256610005,0.9768105624],[0.0010065948,731.5892855012,0.9115654215,4133.6782439562,0.2762176805,232.1898450055,15803.1236903237,7.9142066051,11.3878980816,0.0003635794,4.4381122478,-0.3416254276,0.9948652237],[0.0010104712,565.1867892254,0.9346866572,4327.4920739512,0.3391246533,287.6049272054,16744.7815065796,8.5037250013,12.0785267785,0.0004207841,4.3024007241,-0.4033139573,0.9986776014],[0.0005970202,125.5296242101,0.9279832476,871.33318174,0.1961502375,248.9764336682,3359.8031027497,7.639330728,11.5093398379,0.0003197993,4.1015689969,-0.281531892,0.9877115619],[0.4483259089,453.2169425589,0.975763077,9345.0303473143,0.7985946753,106.0336943223,36926.9044466981,3.1089226664,3.9635185609,0.0022950038,1.9736565784,-0.5287194413,0.9702724922],[0.330862567,1793.2163026131,0.7373460278,3412.9703457263,0.6375948199,456.0285922714,11858.665080292,4.0687142738,5.6342352677,0.0014282845,3.2744262148,-0.2893194167,0.9224040363],[0.0009386848,350.1211840683,0.9610103889,4488.0412240201,0.3212266765,241.2736660496,17602.043712012,8.4645635615,11.9614139996,0.0004281825,4.0911525206,-0.4050986392,0.9984708231],[0.0242561222,315.0699346442,0.8989596032,1558.6459799499,0.4079519677,205.8067333692,5919.5139851554,7.2117534617,10.3620124073,0.0005294916,4.1474555629,-0.3879475169,0.9961978921],[0.0080352553,258.9421030675,0.9697828587,4283.1048333569,0.3763625268,382.8483053716,16873.4772303601,7.8918418869,10.9238927684,0.0004910994,3.8772774071,-0.429209637,0.9985353073],[0.0002334119,545.3463195951,0.8930364203,2548.9365540579,0.1639970185,301.7831921782,9650.3998966367,8.4066430098,12.9927048667,0.0001714817,5.090625086,-0.2642396476,0.9897566126],[0.0147676811,66.8322255805,0.8655311733,248.3738834906,0.6185568969,243.822957144,926.6633083817,5.9173581787,7.6390299313,0.0016954133,2.3950746404,-0.4696387115,0.9948438505],[0.0001699877,754.6113781134,0.8429279213,2402.3826374996,0.0894918057,247.0146217416,8854.9191718849,8.446474752,13.5042622036,0.0001101136,5.4949469787,-0.2016867735,0.9753126702],[0.2304146832,368.2734083477,0.9664056011,5479.3671636405,0.6062434741,414.6481532373,21549.1952462142,5.066863103,7.031783848,0.0011941463,3.2769289854,-0.4144879397,0.986780247],[0.0012710888,1239.9425060083,0.8299749526,3646.6181766771,0.2922728471,248.5630630298,13346.5302007001,8.5212046055,12.6449710963,0.000281954,5.1174656331,-0.3320902403,0.9965778999],[0.0002531206,397.2099518438,0.9378303547,3196.3191481961,0.1551864432,262.9711795128,12388.0666409405,8.517876141,12.8634251985,0.0002129633,4.7471350412,-0.2994302316,0.9940531582],[0.0015672982,637.4202645056,0.8818882326,2698.6487143177,0.3347242711,347.6706570636,10157.1745927654,8.064362281,11.5861318645,0.0003906154,4.4246193062,-0.3687379473,0.9968838255],[0.0017440333,86.5410192486,0.978299794,1993.2846119441,0.2855947199,372.9559395807,7886.5974285278,7.3932342217,10.6837206291,0.0004592107,3.7382213231,-0.3388556473,0.9930937269],[0.0006340222,223.4560171377,0.8754039064,897.0738961747,0.2345525754,160.9251088578,3364.8395675612,7.7263911672,11.8952399863,0.0002598726,4.579344094,-0.2506104848,0.9788200993],[0.0016026499,108.0895021164,0.935422178,837.0323086605,0.3835641063,156.3261261957,3240.0397325254,7.6973980507,10.8971287201,0.0005597618,3.6669117697,-0.3831687359,0.9964979957],[0.0008873287,280.1893140384,0.933906918,2119.1120051694,0.3149574476,277.0485721949,8196.258706639,7.9077850642,11.331824016,0.0004434653,3.9776601185,-0.3722878459,0.9962519707],[0.0002566389,206.6414023245,0.96658367,3091.1554500113,0.1684573837,325.6726744108,12157.9803977209,8.4899778443,12.6981554072,0.0002400021,4.532154876,-0.3091211077,0.9944953033],[0.0012010864,97.784193049,0.9133812629,564.6412982969,0.2913550707,165.5790449972,2160.7810001388,7.3085139633,10.6211854438,0.0004455298,3.6452876393,-0.3294384692,0.991566781],[0.0170159214,319.7809123212,0.9580610389,3812.7323193179,0.3904616485,374.7318903473,14931.1483649504,7.7485635154,11.0020792758,0.0004730238,4.1872736175,-0.403138366,0.9978227685],[0.0110901189,508.7058953169,0.9582069384,6084.2077426642,0.3451036635,342.3067474962,23828.12507534,8.1239303366,11.5840590709,0.0003782569,4.5043782245,-0.3907308981,