{"columns":["image","dist"],"index":[0,1,2,3,4,5,6,7,8,9,10,11,12,13,14,15,16,17,18,19,20,21,22,23,24,25,26,27,28,29,30,31,32,33,34,35,36,37,38,39,40,41],"data":[[0,[5.1222736624]],[1,[12.1100434868]],[2,[17.1026575877]],[3,[20.4326669291]],[4,[4.251072298]],[5,[16.5260103736]],[6,[17.0491371709]],[8,[5.0753741277]],[9,[4.063624469]],[10,[2.8047929312]],[11,[2.7014180531]],[12,[2.7450069706]],[13,[3.1310160392]],[14,[5.9300303522]],[15,[4.6238789414]],[16,[3.3723495531]],[17,[2.89452598]],[18,[3.6438628302]],[19,[4.4445753747]],[20,[23.2155353835]],[21,[8.1677285272]],[22,[4.7906283962]],[23,[1.7873290063]],[24,[3.9306633379]],[25,[4.1911817101]],[26,[15.4694705334]],[27,[3.3437110325]],[28,[3.6438011407]],[29,[3.6202142121]],[30,[4.0710706082]],[31,[2.3525127847]],[32,[2.8334584171]],[33,[6.1894123032]],[34,[2.7598130548]],[35,[3.0921579758]],[36,[14.9715005328]],[37,[5.0217548376]],[38,[3.745040163]],[39,[4.0305995409]],[40,[3.5738615107]],[41,[3.7648194817]],[42,[3.7457632778]]]}