{"columns":[0,1,2,3,4,5,6,7,8,9,10,11,12],"index":[0,1,2,3,4,5,6,7,8,9,10,11,12,13,14,15,16,17,18,19,20,21,22,23,24,25,26,27,28,29,30,31,32,33,34,35,36,37,38,39,40,41,42,43,44,45,46,47,48,49],"data":[[0.1189480448,727.8529789232,0.96149331,9449.4232810416,0.5325166913,358.6656883832,37069.8401452433,5.9149503521,8.3412451784,0.000882745,3.707782075,-0.3763514264,0.9888610855],[0.0500289755,1067.7381901683,0.9114063712,6025.3086568176,0.3662052729,354.6594688269,23033.4964371022,7.4942543741,10.9408197972,0.0004216673,4.707435863,-0.3568362075,0.9952724243],[0.0606753081,187.2710187619,0.9623964253,2489.9644487709,0.4552876469,413.8582903808,9772.5867763216,6.8531173745,9.5967507988,0.0006347597,3.6995069866,-0.4189402545,0.9966865409],[0.0287757832,709.7104923217,0.9293777416,5024.9008315161,0.3305676578,360.4341453147,19389.8928337426,7.8665313984,11.6077667256,0.000350327,4.6780819196,-0.3350747865,0.9949408533],[0.0268822148,920.0799669288,0.931911605,6756.4826133136,0.3796398201,345.438146038,26105.8504863253,7.6451965365,11.0348565562,0.0004430302,4.4760645405,-0.3626684622,0.9957584793],[0.0538790793,473.3901943151,0.9762385499,9962.1775852812,0.4363226909,290.6868862942,39375.3201468096,7.2311225072,10.2066893104,0.000583432,4.1000329978,-0.4120982044,0.9973570889],[0.0027017886,854.0742851431,0.9236234729,5591.253579795,0.3106671837,154.3688616423,21510.9400340368,8.057687244,11.6355076111,0.000344372,4.5203952232,-0.3630164871,0.9967995052],[0.0007717601,879.9082116,0.9121588194,5011.2893476219,0.3310956649,266.7099677931,19165.2491788874,8.7101680268,12.2690393256,0.0004203444,4.4031505198,-0.4137552548,0.9990440295],[0.1477605244,314.1017862872,0.9822892934,8867.415779031,0.4940963049,327.0248347438,35155.5613298367,5.8245975119,8.4009520066,0.0007909722,3.7351993243,-0.3865279525,0.9908794813],[0.0384657421,376.7230129448,0.9049143914,1981.0371715387,0.4037947016,417.7261511611,7547.4256732099,7.1644570015,10.4514344274,0.0005024816,4.2175770346,-0.3508017102,0.9932929841],[0.0238770777,365.1291838624,0.9795566958,8934.7897881154,0.3587434713,244.3453434591,35374.0299685993,7.6729436337,11.0566547677,0.0004118638,4.2976082659,-0.3724255528,0.9964330496],[0.0503810769,464.1550728417,0.971774492,8224.591862089,0.3763596607,268.2209942378,32434.2123755143,7.0546082586,10.438666319,0.0004420984,4.3772576011,-0.3303087589,0.9914224619],[0.0083966287,467.9774207683,0.9623844828,6224.7580593872,0.2739030345,229.8208018971,24431.0548167804,7.7145634125,11.5821325104,0.000284453,4.6269315408,-0.2944305725,0.9898658945],[0.0753775205,627.6799649219,0.965672199,9143.2710371417,0.4243686528,287.112475826,35945.4041836449,6.7675514408,9.8712378619,0.0005566465,4.1882081735,-0.3533066437,0.9922038894],[0.0315527362,448.97386753,0.9699641524,7476.970969566,0.3616910623,263.508897707,29458.910010734,7.5242561507,10.9141775951,0.0004181566,4.2956657368,-0.3613040031,0.9953854401],[0.138434884,474.3489544953,0.9707453092,8107.7776824994,0.499653175,316.494246718,31956.7617755023,6.3032164739,9.0504850329,0.0007956188,3.8694791589,-0.3885316851,0.9930818934],[0.0007105809,354.165588469,0.9423087701,3068.6966945244,0.3479208384,300.2629939189,11920.6211896284,8.5631822334,12.0337799072,0.0004805097,4.0135559583,-0.4168205771,0.9989388574],[0.0409405647,520.1092543148,0.9434259211,4596.7938737683,0.3661779925,370.7921939725,17867.0662407585,7.5827659715,11.1028712257,0.0004215503,4.4746121075,-0.3525086735,0.9953055842],[0.0000575856,1242.4491108445,0.8329191303,3717.9905351606,0.0406224474,310.9595739883,13629.5130297979,8.6792194369,14.4692390951,0.0000513571,6.1728069025,-0.1400884391,0.9413326212],[0.0046709343,804.4958946881,0.9461708869,7474.3572184327,0.3107988575,273.6817231982,29092.9329790428,8.3402493314,12.2354670316,0.0003184458,4.7751948114,-0.3559404857,0.9972248323],[0.0003615033,1011.4640982996,0.8712639421,3928.5658392024,0.1601319141,164.6954375593,14702.7992585099,8.593759777,13.2621970574,0.0001646055,5.3367941821,-0.256674429,0.9887390733],[0.0415321501,323.1015554087,0.9519111694,3361.520871931,0.4285872271,367.1053046583,13122.9819323153,7.1961103282,10.2590952536,0.0005609613,4.1140193844,-0.3976459966,0.9965715916],[0.0644210808,691.092022557,0.9006097358,3475.3563030076,0.3991230533,404.1140077125,13210.3331894734,6.9780762861,10.1267704624,0.0005033603,4.3987383285,-0.339066761,0.9907403117],[0.0738876984,167.6031469838,0.9677958432,2602.7355317671,0.4435902153,388.1320689673,10243.3389800845,6.6061593971,9.4226140896,0.0006086683,3.7459597898,-0.3676909884,0.9922265388],[0.0728165978,657.7204964066,0.9308143609,4753.4018437397,0.427729227,368.6397863841,18355.886878552,7.1347147246,10.3189037345,0.0005680706,4.264677616,-0.3727236448,0.995381851],[0.1305090849,1397.6540199513,0.9090025762,7678.6395770978,0.45267084,376.9640868398,29316.9042884399,6.3631832997,9.4120231273,0.0006774947,4.569347215,-0.3102650252,0.9836479641],[0.0690478455,639.6619117525,0.9319480554,4698.9091633486,0.4282637664,395.4222984771,18155.974741642,6.9766116421,10.152944707,0.0005687785,4.36285816,-0.3557230146,0.9933830929],[0.0382727873,502.1937087338,0.9315961776,3670.520908644,0.399813027,397.1189058256,14179.8899258423,7.5053850523,10.808118237,0.0004876767,4.2786209377,-0.3715753502,0.996053401],[0.0278954069,745.069949506,0.9556390624,8396.4959877738,0.4966600417,352.3180102536,32840.9140015894,6.9978039774,9.7112024049,0.0007489127,3.8340919131,-0.4372034438,0.9976701873],[0.0345159603,1227.7516006775,0.8762184971,4977.2460930143,0.3395542338,129.3601985909,18681.2327713796,7.4234861618,10.8887127633,0.0003698871,4.6600662205,-0.3259792081,0.9919869272],[0.0176223703,258.4166604621,0.9831315436,7660.1573907559,0.420605408,303.415329803,30382.2129025613,7.827277775,10.8317566506,0.000543552,3.9336310644,-0.4494373296,0.9989521121],[0.0114207265,943.7112258635,0.9454123769,8643.1326094091,0.4207423876,299.31507931,33628.8192117729,7.4559443223,10.7076347543,0.0005427122,4.3282537233,-0.3917113215,0.997109907],[0.0390831292,254.1611312065,0.9520512802,2649.6371438112,0.4546842,285.1691883409,10344.3874440382,7.2507159648,10.2752410866,0.0006232089,3.849841728,-0.405665972,0.9971012466],[0.0484831576,580.7837797065,0.9674951926,8937.8219917905,0.3821918307,242.1298812882,35170.5041874556,7.141312878,10.544318693,0.000454729,4.4217487419,-0.3300265779,0.9915186158],[0.0655680742,1922.5076906202,0.8978016798,9401.7230564003,0.5423557965,203.425925553,35684.384534981,5.7747602146,7.8587936055,0.0009016525,3.4764666798,-0.4140624647,0.9914572892],[0.0082344579,208.4341985002,0.9783936262,4822.7342087267,0.5891188317,234.6880512135,19082.5026364066,7.2094854012,9.2517120115,0.0010441341,2.9150367712,-0.5444501702,0.9994328261],[0.1625941528,488.6145440086,0.9394435676,4033.8569653171,0.5314689252,405.5243085741,15646.8133172597,6.0195361687,8.6068705087,0.0009077444,3.7695137756,-0.3909111534,0.9919608462],[0.0251992633,1103.937757102,0.9315412775,8067.8430421978,0.3329161704,275.5370623924,31167.4344116891,7.6085726312,11.1435615874,0.000358999,4.5646132044,-0.3331496001,0.9936018886],[0.0659992404,1522.396545257,0.9364822121,11985.6356196088,0.505514385,261.3302670013,46420.1459331781,6.2747389875,8.6500431202,0.0007909576,3.8838259117,-0.4012020523,0.993223],[0.0718568497,313.8692913656,0.9849337094,10415.428970355,0.5026358773,326.0234053972,41347.8465900545,6.9572943899,9.3781873188,0.0007671697,3.5762438303,-0.4807621053,0.9985551398],[0.0826052776,537.322462593,0.945022743,4886.2746644118,0.4154228546,383.2389847599,19007.7761950543,7.0477237393,10.2329549158,0.0005400587,4.3042054254,-0.3703322369,0.9948647442],[0.0059932418,1093.5339690806,0.8542068949,3749.3834963439,0.3822117881,396.41031959,13904.0000162949,7.5406947817,11.0150009384,0.0004520337,4.4835234259,-0.3401131887,0.9936940633],[0.026440559,851.6895033452,0.8959713719,4093.2340799476,0.3612638277,389.9980231652,15521.2468164451,7.5096135025,11.0007068024,0.0004051385,4.6076066262,