{"columns":[0,1,2,3,4,5,6,7,8,9,10,11,12],"index":[0,1,2,3,4,5,6,7,8,9,10,11,12,13,14,15,16,17,18,19,20,21,22,23,24,25,26,27,28,29,30,31,32],"data":[[0.0003137462,593.4208759438,0.932935556,4424.5061593246,0.2223254965,229.9444643126,17104.6037613545,8.6975708742,12.8817555236,0.0002731445,4.6712559159,-0.3324023191,0.9965707689],[0.0499308956,634.1953377475,0.9742324759,12307.4681981933,0.4831175919,239.8835460678,48595.6774550256,6.6606695556,9.2216561368,0.0007137185,3.7643554779,-0.4168263857,0.9956848984],[0.1702477626,2219.1113821587,0.8614395261,8006.3276537832,0.4983625736,382.9139279053,29806.1992329742,5.7393095011,8.207989649,0.0008120203,4.2067808522,-0.2936342334,0.9691109934],[0.017959424,344.9946583744,0.9703685784,5824.6474323821,0.2647747102,250.5716623789,22953.5950711539,7.7320777271,11.5561817013,0.0002573196,4.6440350202,-0.3180741478,0.9933995046],[0.2238063137,648.6126665973,0.9669948663,9829.9936409307,0.6194526014,352.5850226959,38671.3618971256,5.0903947693,6.9873425833,0.0013119525,3.207655968,-0.4441000208,0.9905261031],[0.0002371967,422.9227552967,0.9232269397,2761.4860433848,0.1689345437,183.3346594604,10623.0214182427,8.5434014474,12.9054333187,0.0002220439,4.7858536418,-0.2951847853,0.993142207],[0.0003148251,308.2739556187,0.9405037602,2590.3031950322,0.1818463609,205.7833134642,10052.9388245099,8.3784116051,12.5611689832,0.0002647998,4.4914433216,-0.3060707513,0.9940801715],[0.0004824672,222.2591802073,0.9106036856,1243.081199393,0.2285009782,222.0724989053,4750.0656173648,8.1027315568,11.9331348153,0.0003483008,4.1633274515,-0.3296920824,0.9944359404],[0.0054248155,519.2826144207,0.9621330577,6858.9181536848,0.2659619943,262.877253682,26916.3900003187,8.2321094733,12.1987439929,0.0002471424,4.8645982564,-0.3369971919,0.9962647247],[0.1088080149,630.2559324126,0.9715246932,11068.5944333203,0.5506503198,273.312290181,43644.1218008684,5.9002242966,8.1037350872,0.0009790178,3.4966724991,-0.4262321317,0.9936032319],[0.0394730354,3416.3557799242,0.8697531207,13115.3560615735,0.4150601607,269.2267018199,49045.0684663697,6.8106673285,9.6598240054,0.0005298787,4.6492437947,-0.2988493515,0.9823897441],[0.0763906817,456.6878757947,0.9751412738,9188.5117995714,0.5269776985,286.9827492287,36297.3593224909,6.2997217953,8.5651619542,0.0008548295,3.3960443829,-0.4487378923,0.9963363277],[0.0647095895,244.1941702859,0.9859507506,8691.7972032369,0.5324861519,332.9271664768,34522.9946426615,6.6293163246,8.9786192317,0.0008610224,3.4355669524,-0.4661034374,0.997689516],[0.0225866645,522.9412036075,0.9673482187,8008.0601415603,0.3581272386,312.1089909215,31509.2993626338,7.3071699189,10.6323464042,0.0004049586,4.3931328446,-0.3434930681,0.9933473623],[0.0155231687,276.1234028771,0.9776421877,6177.5389246911,0.4006495266,281.4381123293,24434.0322958874,8.0179302369,11.1243354403,0.0005243994,3.8535414256,-0.4409524271,0.9989018595],[0.0024323141,217.0319332915,0.9784474538,5038.1613047685,0.3885692998,241.5127379779,19935.6132857825,8.6670314137,11.745536054,0.0005586687,3.6182061246,-0.4760996676,0.9996069969],[0.0026017393,411.7931263024,0.9573162614,4823.3708041473,0.1789823005,236.6975859093,18881.6900902867,8.4175440599,12.916134557,0.0001641483,5.0721098837,-0.2793376478,0.9921730513],[0.0323021516,535.1800116433,0.9733486404,10043.9571851342,0.4639103546,297.3601764945,39640.6487288933,7.2323438539,9.9268285371,0.0006470774,3.8662561894,-0.4339031169,0.9978542639],[0.021633413,420.163097235,0.9694097334,6867.6912758667,0.3801389974,286.4346146933,27050.6020062317,7.7117996512,10.8907711055,0.0004586011,4.1874996854,-0.4027220415,0.997710945],[0.1411553876,1430.8525189579,0.8928707105,6677.3638880195,0.4832297004,376.4926683812,25278.6030331201,6.2869692754,9.2552507338,0.0007625116,4.4155179233,-0.3472356252,0.9895606274],[0.1627359445,428.8271825652,0.9793180961,10370.1622011481,0.6550893481,346.3403116376,41051.8216220274,5.4578823893,7.1400443126,0.001383978,2.8074138673,-0.5226282639,0.9967340385],[0.1669861947,420.4289976527,0.9820026535,11682.1741888456,0.6623628639,305.4368332925,46308.2677577297,5.2210953253,6.8388651631,0.0014208643,2.7415338277,-0.5161517957,0.9956144247],[0.0195979321,415.0446990572,0.9702154361,6968.5779450609,0.4042389041,186.4178365346,27459.2670811865,7.956644191,11.0988446834,0.000504888,4.0766523468,-0.4288550316,0.998719595],[0.0029961333,285.3107597085,0.9772377808,6267.7175334355,0.2990466424,225.7578031967,24785.5593740334,8.3155405891,11.8235802134,0.0003802038,4.1564222665,-0.3879652484,0.998064571],[0.0978969071,378.9336202704,0.9801756617,9554.995235108,0.6118842286,363.0882687631,37841.0473201616,5.650115969,7.5017718986,0.0011818348,3.0735146616,-0.4839712471,0.9956276326],[0.0569176972,506.4973025391,0.9732523992,9468.9938828904,0.475477029,206.8760256882,37369.4782290225,6.7375352155,9.3371889205,0.0007099745,3.8064332246,-0.4268715527,0.9967426754],[0.0041084759,155.6891269801,0.9837079267,4781.5404585885,0.5216320256,290.468296232,18970.4727073741,7.7748120758,10.2348485657,0.0008175267,3.18702288,-0.5101442045,0.9994859113],[0.0544919812,535.627445029,0.9708178416,9178.4163209064,0.486106995,224.3066359532,36178.0378385967,6.6013692038,9.1647579424,0.0007257597,3.7519507467,-0.4170175557,0.9958546401],[0.0360981062,366.7522934233,0.9776237169,8198.0900143218,0.4969441925,272.7049684263,32425.6077638639,7.3817371409,9.7586846316,0.000746565,3.334561323,-0.5023409157,0.9992178492],[0.0258419566,408.805817591,0.9727986002,7516.3505328392,0.4262154746,192.7222955578,29656.5963137656,7.6138170408,10.4253891955,0.0005670444,3.7322101662,-0.4458837174,0.9986575988],[0.0275705194,656.1904094829,0.9543047502,7182.1982662504,0.3550354203,310.7301994205,28072.6026555185,7.7397839974,11.1937348755,0.0003980419,4.5504831822,-0.3738178496,0.9969402509],[0.0863125005,1430.8141232365,0.8988347452,7073.8450230021,0.4700709102,384.3678715125,26864.5659687717,6.5842098676,9.3791587202,0.0006973921,4.3418152735,-0.3504135702,0.9904749288],[0.022501788,400.5656887427,0.9780508443,9129.4863134224,0.3513449173,210.1405631409,36117.3795649468,6.9619354216,10.2377363213,0.000414071,4.135550716,-0.3170410616,0.9881780029]]}