{"columns":[0,1,2,3,4,5,6,7,8,9,10,11,12],"index":[0,1,2,3,4,5,6,7,8,9,10,11,12,13,14,15,16,17,18,19,20,21,22,23,24,25,26,27,28,29,30,31,32,33,34,35,36,37,38,39,40,41,42,43,44,45,46,47,48,49,50,51,52,53,54,55,56,57,58,59,60,61,62,63,64,65,66,67,68,69,70,71,72,73,74,75,76,77,78,79,80,81,82,83,84,85,86,87,88,89,90,91,92,93,94,95,96,97,98,99,100,101,102,103,104,105,106],"data":[[0.0085577277,1944.3087949365,0.7228348583,3506.6001562588,0.3712703737,158.8689182099,12082.0918300988,7.2043457336,10.8136780609,0.0004282593,4.8502801344,-0.2860649421,0.9856547748],[0.3296621673,553.8510972214,0.8736776399,2191.4466907926,0.6878248776,36.6307245306,8211.9356659491,3.9055370027,5.3425304214,0.0016076713,2.84311989,-0.3615307502,0.9505856063],[0.0027133908,444.5028746369,0.9543316704,4866.3035642857,0.2719871249,128.897908298,19020.7113825057,7.8428782621,11.7643068673,0.0002827681,4.7280725246,-0.2902251188,0.9901899383],[0.007055883,1672.5503161383,0.8534661234,5704.0968160538,0.451561578,373.2660215649,21143.8369480769,7.4649280405,10.5250133317,0.0006101225,4.2711051718,-0.3825640265,0.9961509138],[0.357030697,275.9942769217,0.9457993038,2545.0800911438,0.7138407181,44.6246495926,9904.3260876536,3.7414890582,5.0630240399,0.0020011676,2.5660464939,-0.4211490796,0.9650451987],[0.4375671691,643.7547904628,0.7983698726,1595.9183979164,0.7137496614,33.1281580201,5739.9188012027,3.5326612929,5.0207926044,0.0018680572,2.8019276853,-0.362458496,0.9439042185],[0.0028787095,387.5036354335,0.9066842816,2076.2221797164,0.347567864,309.3621694847,7917.385083432,7.9036097934,11.5919163801,0.0003827717,4.4594653986,-0.3413936275,0.9952332471],[0.0016277276,1557.7857928568,0.8199810511,4326.153976953,0.2985614046,270.7150990684,15746.8301149553,8.5141066816,12.6731788918,0.0002896661,5.1475534619,-0.3323563374,0.9966044403],[0.004024563,801.2604649679,0.8845225168,3468.9920647744,0.3686471281,267.7098056656,13074.7077941296,8.1416129735,11.6006555016,0.0004330841,4.4192923995,-0.394758727,0.9982471485],[0.0009258258,1304.4533080589,0.8515863666,4394.6162948593,0.2254173964,161.908438006,16274.0118713782,8.4957894255,13.0096763065,0.0002037329,5.3933627517,-0.26729246,0.9899716888],[0.1453182297,590.4529211682,0.8359604236,1799.2527705602,0.4804840098,454.0097829877,6606.5581610725,5.6923727098,8.5081643692,0.0007471455,4.1765764731,-0.2805415048,0.9662387111],[0.1722473626,1411.0597151809,0.9203982067,8862.0424448463,0.4829475701,151.9506855466,34037.1100642043,5.9388391555,8.8054630422,0.000792179,4.4473673054,-0.3099166692,0.979783336],[0.0003856686,536.5295332034,0.9095991215,2972.022765048,0.1994164365,296.8267505369,11351.5615269884,8.5027342318,12.9756669889,0.0002089407,4.9812048997,-0.2738662545,0.9907129438],[0.0017485919,402.9461801653,0.9269200133,2756.8872587253,0.2946073496,133.6643688266,10624.6028547357,7.9748345415,11.5730143177,0.0003806347,4.3327839269,-0.3445613502,0.9955888642],[0.0018347247,2370.4202961116,0.748039937,4704.5753114573,0.4368694019,357.0229292259,16447.8809497178,8.3206984956,11.4189188758,0.0005972918,4.273423177,-0.4344708315,0.9989921349],[0.0014750974,541.407685652,0.844361797,1739.7304640556,0.2823894295,302.4142955457,6417.5141705702,7.9071821719,11.9061453281,0.0003104442,4.6568608954,-0.2885254196,0.9899306618],[0.0002671208,992.3195641428,0.905472733,5248.3001871219,0.1629220816,241.2491497359,20000.8811843449,8.7152432127,13.3211364085,0.000177802,5.3074084599,-0.2696953485,0.9911493451],[0.30387135,460.2623702959,0.9011110849,2326.3442059501,0.6129676862,409.5508678622,8845.1144535045,4.5581979354,6.7521769834,0.001307953,3.3143611261,-0.3569826537,0.9722639208],[0.0002248443,1839.2236856466,0.763006112,3880.7964327607,0.1070199337,348.0541120114,13683.9620453963,8.528145346,13.886186421,0.0000923312,6.0183178612,-0.166124626,0.9549025778],[0.0084919653,1297.9671364398,0.834652858,3923.9225888415,0.4129631638,86.250138326,14397.7232189263,7.0388834321,10.2794386407,0.0005096808,4.5392494879,-0.3222363603,0.9896993025],[0.0002932983,566.2998580557,0.8950652575,2698.5907333999,0.2047878431,207.7642484836,10228.0630755441,8.4403782039,12.7820499861,0.0002460062,4.812059088,-0.2880530913,0.9924588274],[0.0000749165,3244.8666786156,0.7442602036,6347.9932856888,0.0701199906,235.5475594883,22147.1064641394,8.9155132794,14.5246845198,0.0000571105,6.4751213256,-0.1602710511,0.9582402213],[0.0433261192,474.1910110877,0.8640583685,1743.5805664721,0.5390292144,36.7146423387,6500.1312548008,5.6570379224,7.7401643942,0.0008646002,3.3266810262,-0.379115157,0.9857437862],[0.0003200434,437.1614233775,0.960164355,5491.1089148084,0.2019746844,268.3169484681,21527.274235856,8.7717191697,13.0023491335,0.0002248059,4.7991068415,-0.3306197588,0.9968217422],[0.0040643844,800.3152460873,0.6997083627,1332.3896828146,0.4568593728,279.7317773904,4529.2434851712,7.5281442468,10.8870306379,0.0006287178,4.276413262,-0.3715343061,0.9963564138],[0.0211021637,353.327547017,0.9281361105,2472.9452705259,0.4278172456,411.4977827857,9538.4535350866,7.4981935014,10.4939682363,0.000571143,3.8049188734,-0.4150827225,0.9976609617],[0.0116108248,400.4421842304,0.954375068,4386.7165445966,0.4256112608,69.2078489287,17146.4239941562,6.0343550267,8.6399367193,0.0006533382,3.5124225279,-0.30233875,0.9751718025],[0.0147054897,1130.959345241,0.9381310547,9139.6912160203,0.3442793825,324.2303291677,35427.8055188403,7.7047204394,11.0405569095,0.0003908348,4.6714078874,-0.369297182,0.9957567142],[0.0005527485,608.4888410246,0.8859197286,2669.5067279106,0.2643585941,156.4049611719,10069.5380706179,8.3098511119,12.3107884224,0.0003264093,4.5554497725,-0.3270740567,0.9956145302],[0.0011225239,788.0902939652,0.796354319,1934.561822262,0.3833754997,199.2169341215,6950.156995083,8.1573180532,11.8083398186,0.0004691468,4.357030386,-0.3684609852,0.9972600649],[0.0015710637,748.3150079766,0.9041933484,3904.3624417217,0.2931137919,262.471263297,14869.13475891,7.9895172955,11.9883914817,0.0002967389,4.9186601989,-0.2912096405,0.9908943508],[0.000590336,730.99841403,0.8721460343,2858.5424251334,0.2042467528,138.3284075405,10703.1712865037,8.2794628648,12.6255635685,0.0002055981,5.1544507048,-0.2680989999,0.9893790294],[0.0042427563,1184.1766434578,0.7200735322,2113.9904727104,0.3123985376,376.5327074946,7271.7852473837,7.6656756878,11.3186064945,0.0003416701,4.6572135262,-0.3257437227,0.9929682223],[0.0010572835,1355.8220536983,0.8333727936,4071.5755689147,0.1477966415,305.4403597262,14930.4802219605,8.6314237017,13.5333457234,0.0001207662,5.6970806765,-0.2373056686,0.9846330663],[0.000822617,343.8583417463,0.9365861817,2710.429960603,0.2566582338,350.0715514252,10497.8615006658,8.1859587144,12.1622615711,0.0003066454,4.5793593777,-0.3121454616,0.9935097643],[0.0006168513,849.3893154845,0.6329037584,1156.9342087624,0.2049097522,240.7625426687,3778.347519565,7.6626969091,12.1893947579,0.0002146347,5.1070268868,-0.2112574909,0.9701700193],[0.0033706588,161.8800426794,0.9194478897,1004.5721899107,0.462060916,370.1770916139,3856.4087169635,7.5480615882,10.5074105683,0.0006632184,3.6052590101,-0.4105610251,0.9974585747],[0.0101339352,923.5550964995,0.8779092163,3781.3099991466,0.5111703773,96.5678042383,14201.684900087,7.508749434,10.3614787671,0.0007924711,4.1137194182,-0.4381775681,0.9984279481],[0.0118752602,798.1940654132,0.9431461825,7026.2307915501,0.2741574183,166.418982312,27306.7291007872,8.1485056266,11.9892622542,0.0002605336,5.013930355,-0.3322939296,0.9953587351],[0.0002737407,860.6440732113,0.8232074275,2433.425774653,0.175063416,258.5193872834,8873.0590254008,8.4992822285,13.100891752,0.0002006323,5.1527318432,-0.268164692,0.9907050792],[0.0007945485,222.9546260623,0.9637868266,3081.8822924686,0.2214448786,183.1572607084,12104.5745438121,8.126823788,11.730836924,0.0002778723,4.3871142997,-0.3810336253,0.9977236769],[0.0057994422,806.873409366,0.9411917277,6860.5112312541,0.3684961221,197.8569155805,26635.1715156505,6.9298268249,10.1157249749,0.0004647525,4.2925146016,