{"columns":[0,1,2,3,4,5,6,7,8,9,10,11,12],"index":[0,1,2,3,4,5,6,7,8,9,10,11,12,13,14,15,16,17,18,19,20,21,22,23,24,25,26,27,28,29,30,31,32,33,34,35,36,37,38,39,40,41,42,43,44,45,46],"data":[[0.0055585437,856.3367714564,0.9311955383,6230.5340612098,0.2367658981,216.3803664304,24065.7994733827,8.421402613,12.5436365166,0.0002234233,5.0052668446,-0.3174425599,0.9943507219],[0.0013479303,142.7506863777,0.9567926452,1651.4282120836,0.2915422518,276.8059193965,6462.9621619567,7.8657780362,11.2521994152,0.0004355156,3.8431531873,-0.371338723,0.9967067459],[0.0327644263,1560.9322696656,0.8902334394,7112.9366503636,0.4238358389,279.5750600507,26890.8143317889,6.9457769017,9.8571025335,0.000558334,4.3544206224,-0.378635715,0.99478113],[0.001670829,129.0546261823,0.9714720604,2263.0133492867,0.3340276385,186.5288613111,8922.9987709644,8.2507507038,11.5626155743,0.0005235735,3.7476809229,-0.4157365987,0.9987483711],[0.2148329396,65.491903166,0.9805000961,1679.0257126539,0.5815778929,155.200576049,6650.6109474497,5.210855316,7.2847255537,0.0011646847,2.9825252342,-0.4359537175,0.990989661],[0.0010480598,714.7231296311,0.8137224878,1918.2755471067,0.2024660561,322.6762467647,6958.3790587957,8.0860340786,12.6985017057,0.000170326,5.2209622059,-0.2342807197,0.9816109281],[0.3221889289,36.5255794678,0.985295611,1241.6263373464,0.6757737493,46.023031547,4929.9797699178,4.3661407141,5.9327998272,0.0023757889,2.4869244839,-0.4784654708,0.9873027258],[0.0001437864,395.5787301295,0.9161183765,2358.521109251,0.1230165053,238.2738030582,9038.5057068745,8.5439097374,13.3630777556,0.0001624036,5.0550286794,-0.2386393222,0.9850449489],[0.078691278,510.6034760717,0.8873984323,2267.0916122145,0.416238182,83.614935632,8557.7629727861,6.7214025749,9.9318027411,0.0005415241,4.2948187988,-0.336743491,0.9904425738],[0.048612508,1594.0080448648,0.8955187317,7630.7785725695,0.4349674536,369.7615071506,28929.1062454134,6.5269213713,9.4899725979,0.0005846826,4.5494602641,-0.3233945208,0.9868875077],[0.0047475145,272.5294517468,0.959705881,3390.3324217044,0.3462604616,137.8673194925,13288.8002350707,7.8529236732,11.2247931779,0.0004079553,4.2100066313,-0.3739834619,0.9967780325],[0.0052478467,285.8275219861,0.9530104555,3043.2285827267,0.2588026097,182.4973511166,11887.0868089207,8.1524523396,11.9851120126,0.0003368191,4.4007696737,-0.3359743713,0.9954401041],[0.000133651,541.1248293353,0.8579279885,1904.0623068965,0.1049117595,210.9287420528,7075.1243982507,8.412630548,13.4398618732,0.0001276164,5.3507390621,-0.2004006026,0.9723467321],[0.0002225197,825.7100164072,0.9278136246,5719.2689876811,0.1505463066,246.4924698565,22051.3659343171,8.6605707543,13.3122207929,0.0001684062,5.2577526694,-0.2754951119,0.9920867819],[0.0002283592,1071.8264023238,0.8729023749,4217.5766456248,0.1391997219,210.5981787244,15798.4801801756,8.5315303067,13.2487033513,0.0001691339,5.236885703,-0.2573442192,0.988495344],[0.0194436486,1376.4383873546,0.8763568039,5567.3779061998,0.3955629652,323.7934846549,20893.0732374447,7.2475050359,10.4626521981,0.0004755495,4.527582512,-0.3835158249,0.9963339493],[0.0005787378,389.6869383583,0.9581855654,4659.6760951169,0.1572051976,248.1898597444,18249.0174421093,8.6396940678,13.0799736511,0.0001748386,4.9587040864,-0.2990851279,0.9946495371],[0.0002678378,430.9347500136,0.9349048201,3316.3425241408,0.1823695566,186.6326786138,12834.4353465497,8.5212424739,12.9284663744,0.0002226784,4.8043860104,-0.2873460011,0.9918824373],[0.2355253614,156.1280144704,0.9843156587,4976.0124146234,0.5873135559,406.2243555628,19747.9216440231,5.3568886443,7.4179767505,0.0011395274,3.1146608915,-0.4512344711,0.9931062277],[0.00007241,979.6571668691,0.8429429124,3119.0970893434,0.0662406827,215.7144095858,11496.7311905044,8.7100869712,14.1928855522,0.0000791728,5.862242775,-0.172266965,0.9631692671],[0.000410645,905.1790221611,0.931940917,6649.4862606219,0.1650436682,227.1253006997,25692.7660203264,8.7805658913,13.4835084768,0.0001458283,5.4425139344,-0.2721200759,0.992608262],[0.0045949001,244.624494502,0.9758991306,5076.4859136206,0.338023207,291.2494722189,20061.3191599803,8.0551630305,11.3432052528,0.0004106474,3.9953147284,-0.4042526483,0.9982294493],[0.0004619937,235.3362030489,0.955917518,2668.8318043642,0.1853149835,207.6883738847,10439.991014408,8.2650576577,12.4045487749,0.0002401146,4.5730256789,-0.3020290536,0.9929146313],[0.0000896061,1889.7973729353,0.7013255263,3163.3308183908,0.0869157902,227.5179597206,10763.5259006278,8.6579305848,14.3349114548,0.000076378,6.1519384092,-0.149435482,0.9481505271],[0.0002500154,517.0706899784,0.8640937766,1902.4352217248,0.1430276407,202.3875306132,7092.6701969208,8.2539271708,13.1517525065,0.0001375153,5.3301175246,-0.2036870358,0.9724997144],[0.001162151,173.1220555191,0.948126202,1669.6051223019,0.185118354,118.0551084568,6505.2984336885,7.4422087244,11.4690887161,0.0002650638,4.4203876013,-0.2442286576,0.9780693264],[0.0013138503,2388.0460092164,0.7294914705,4416.1313907492,0.1450102869,249.8663673032,15276.4795537806,8.4068088045,13.6441040298,0.0000945277,6.1162263804,-0.1931493696,0.9715217451],[0.000230142,481.0633341006,0.8874798877,2137.5293251244,0.1522302008,204.5359969865,8069.0539663969,8.3884438585,13.1118920143,0.0001735488,5.0951705233,-0.2384943205,0.9829979246],[0.00009283,1367.7031862526,0.8068905772,3541.2942214047,0.0441679105,159.6962219405,12797.4736993663,8.5429101527,14.1728745554,0.0000472997,6.2492075267,-0.130976764,0.9287560765],[0.0001426583,821.7660539264,0.7849774802,1910.7592075689,0.099892505,217.8693658176,6821.270776349,8.2823215547,13.5667433271,0.0001025331,5.6659432131,-0.1592884012,0.9490567834],[0.0004620167,288.3615479767,0.8861165165,1265.8455335616,0.187706027,313.4358500067,4775.0205862697,7.9298995336,12.2408673381,0.0002374437,4.6424142427,-0.2531036525,0.9833791759],[0.0072076865,268.3993256789,0.8886029808,1204.643560434,0.2841033851,69.4578637621,4550.1749160572,7.4157833248,11.1484921959,0.0003051756,4.4219057011,-0.2791352473,0.9852617183],[0.0486644278,570.2482997421,0.9632333057,7759.4120289105,0.429225415,355.4013014043,30467.3998159,6.9494156106,9.941303181,0.0005815204,4.175784379,-0.3788750928,0.9949955084],[0.0002768626,583.516401272,0.9238077249,3829.4265694315,0.1602847958,173.0155409556,14734.1898764541,8.5663905025,13.2053400693,0.0001862598,5.0677169336,-0.2605451769,0.9892675796],[0.0101947375,442.7987402892,0.9434558546,3914.4851785231,0.323007301,392.8952051238,15215.1419738032,7.2561975841,10.8789540739,0.0003395274,4.6046176148,-0.289295464,0.9860898203],[0.0005698868,86.614817423,0.9873241269,3417.6928234451,0.2447665019,261.5754978049,13584.1564763575,8.7190172163,12.3281322473,0.0003567497,3.9283659498,-0.4068321425,0.9989407094],[0.0452121849,795.7233906572,0.9151917786,4692.4762627342,0.3475954935,356.3886231494,17974.1816602795,7.0032595202,10.2761164669,0.0003926207,4.4314642232,-0.317068463,0.9884014519],[0.0023670479,202.54652755,0.9829738302,5948.604101232,0.2180693363,310.1600769566,23591.869877378,8.651398387,12.5280043208,0.0002619504,4.4076483557,-0.3681077876,0.9980003017],[0.0115520581,246.5452405366,0.9387172226,2010.5198009677,0.2588717234,265.0667961294,7795.5339633341,7.9242153757,11.8636584762,0.0002643924,4.5656618678,-0.3115747084,0.9930940186],[0.0001829417,1488.3303091935,0.7399430951,2861.4687682743,0.1087653136,175.2502463455,9957.5447639038,8.3522990189,13.5308090137,0.0001185119,5.6824115329,-0.1870907031,0.9678757915],[0.0128954702,181.6323076946,0.9809275528,4762.2521893375,0.3490419409,351.2936027353,18867.3764496554,7.8624338865,11.1798213688,0.0003985031,4.1628265548,-0.3941672904,0.9977209659],[0.02072934,105.9412456573,0.9751185109,2128.3060258273,0.5073241887,444.0527854563,8407.282857652,6.5600359159,8.8884882443,0.0007726813,3.3647031789,-0.4281772557,0.9956649738],[0.0078364387,183.7098560641,0.9799324428,4576.9461569134,0.3530843116,372.5606931796,18124.0747715896,7.8367102299,11.0878982239,0.0004080764,4.1353807299,-0.3922591311,