{"columns":[0,1,2,3,4,5,6,7,8,9,10,11,12],"index":[0,1,2,3,4,5,6,7,8,9,10,11,12,13,14,15,16,17,18,19,20,21,22,23,24,25,26,27,28,29,30,31,32,33,34,35,36,37,38,39,40,41],"data":[[0.4655366201,79.8742696298,0.9392761447,657.427900286,0.7588395229,22.1370979848,2549.8373315143,3.0766280523,4.1934558307,0.0022357169,2.1360259283,-0.4061027795,0.9384056731],[0.0022410847,608.2633203537,0.8801200103,2541.8338043423,0.4315170551,231.8112280763,9559.0718970157,7.9669082097,11.0409528392,0.0005929236,4.0158214898,-0.4243749935,0.9984822743],[0.0049141894,2123.9418976767,0.8186752652,5856.5643678191,0.2465787149,362.8773822743,21302.3155735996,7.9469679934,12.4727020509,0.0001917759,5.7581003887,-0.224210918,0.9780145718],[0.0003055672,252.6293205426,0.9093778818,1394.0005308785,0.1386775926,187.7652803513,5323.3728029715,8.0478831065,12.4471998166,0.0002016829,4.6941722082,-0.250046121,0.9848374083],[0.4899597366,23.5525109608,0.9812809393,628.8002961425,0.8260104879,491.3246632155,2491.6486736091,2.7824218832,3.5390131395,0.0024304176,1.5940380933,-0.544388472,0.9632805003],[0.0126970683,772.6010046393,0.9153810933,4565.6494070558,0.197622479,186.4523925643,17489.9966235841,8.2200590305,12.8421711159,0.0001500458,5.4650771869,-0.2493605719,0.9867369294],[0.0067461621,394.3627610254,0.9771411556,8627.0647980263,0.3590227578,298.9012428414,34113.8964310799,8.2452906554,11.5651299941,0.0004249797,4.1419200588,-0.4146896853,0.9987500535],[0.3107061491,611.1558823881,0.9460471399,5662.7646787162,0.7088475374,429.0018544101,22039.9028324765,4.0088148657,5.4149297326,0.0017025205,2.6179297362,-0.4577543303,0.9794991892],[0.2505129856,580.2121184473,0.9561755907,6627.2688401854,0.639992434,419.2317127436,25928.8632422942,4.729928509,6.4444982223,0.0014004874,3.0547676654,-0.4080246067,0.981115827],[0.0010403621,209.7430654766,0.9527563607,2219.5924249979,0.2938841502,388.0632965074,8668.6266345148,8.0613299379,11.6927519494,0.0003835335,4.1635127658,-0.3473846794,0.9957857763],[0.2400005962,1646.8221767782,0.9121946967,9375.1393489216,0.5979625158,392.8632883876,35853.7352189082,4.9268629919,6.8439809138,0.001214877,3.6157847267,-0.3521789923,0.9724635248],[0.2238755033,573.219789966,0.9409049092,4849.3053552803,0.5913425857,416.60131785,18824.0016311552,4.9664173769,7.0533268735,0.0011519021,3.4905013739,-0.3660381867,0.9783232039],[0.0005042463,951.4901680373,0.8500844928,3174.2927560877,0.1048994245,276.3050933096,11745.6808563134,8.5929538878,13.9904068729,0.0000776601,5.883118939,-0.1755572406,0.964297558],[0.0137817318,2986.7724447074,0.7941222071,7254.1850981537,0.1678118511,236.5704896221,26029.9679479074,8.2323424118,13.4142066876,0.000102184,6.3270452927,-0.179918218,0.9638786103],[0.3044657267,2242.1240705769,0.8844146845,9696.8169750521,0.6412536771,394.0986832563,36545.1438296314,4.392542449,6.0229505906,0.001447472,3.2798085482,-0.3543071983,0.9616752067],[0.4968450946,26.8312629985,0.9785324629,624.6412202789,0.8192441277,491.3102088323,2471.7336181172,2.774428843,3.569577837,0.0023815114,1.6534816735,-0.524514,0.9589815163],[0.003612042,187.4187415492,0.8875883995,833.4109434226,0.3353253533,290.446810441,3146.2250321412,6.6006416714,9.8758825977,0.0005184528,3.8344906251,-0.2702374817,0.9743458028],[0.2933935958,1372.9260920618,0.8890011433,6182.6592592724,0.5893356151,411.9172171428,23357.7109450278,4.8554627781,7.0901042195,0.0012428692,3.796432037,-0.3345306304,0.9703107103],[0.1921899847,217.3132894484,0.8352570573,659.3823238398,0.5324231631,362.1515295692,2420.2160059107,5.1685155035,7.7747080878,0.0009343165,3.6077128105,-0.3199764041,0.9733185624],[0.0001751147,1249.3993204647,0.8243329274,3556.1226062708,0.1252160045,235.7091769807,12975.0911046184,8.6444514456,13.8229118474,0.000108329,5.8334206751,-0.2093649034,0.9798045475],[0.0179343306,178.0790581361,0.9154367464,1052.5856935622,0.5111974993,45.001487398,4032.2637161127,5.6890749719,8.0528588485,0.0008818599,3.2168249097,-0.3199241254,0.9744576486],[0.0030692088,1283.883481871,0.9098102684,7117.2851409196,0.1851759705,331.5749965422,27185.2570818074,8.4383456711,12.9745769582,0.0001438539,5.5328443087,-0.2571337815,0.9888089428],[0.0004293618,1148.5259827441,0.9126927777,6577.3819314725,0.2001086186,280.9556845891,25161.0017431458,8.5880289414,13.2287823126,0.000174319,5.3988923564,-0.2695436881,0.991644049],[0.0005628186,214.5886025883,0.9694817061,3515.088465504,0.3119828755,272.0407827094,13845.7652594277,8.7349279752,12.4710696271,0.0003705643,4.2716648832,-0.3908224677,0.9986934667],[0.0011620297,411.0071006387,0.9460987655,3814.1728805356,0.229274107,310.6301187049,14845.6844215039,8.0214810651,12.0071723734,0.0002720256,4.7175155202,-0.3021867399,0.9923423539],[0.0003200612,295.8075789006,0.9146110903,1731.8940187372,0.1905587683,180.3627667183,6631.7684960484,8.1613127679,12.5048330974,0.0002425882,4.6973701668,-0.2688922305,0.9886525361],[0.000202071,2333.3204957309,0.785205234,5432.1772128123,0.0811142414,235.6833493096,19395.3883555184,8.88278849,14.5380917553,0.0000549746,6.4123503667,-0.1613261497,0.958513024],[0.0002715886,1365.8098420011,0.8671244918,5140.5209881105,0.1607518243,290.9871429568,19196.274110441,8.8601247813,13.8097607252,0.0001319717,5.7046018569,-0.2491831715,0.9895391736],[0.000225872,581.5208675403,0.891659214,2683.1428602235,0.1729533756,231.8052074793,10151.0505733538,8.6090537997,13.2811626156,0.0001890307,5.1222019406,-0.265213957,0.9899063421],[0.0000809499,2765.1753913467,0.5136151022,2842.5325968062,0.0693673024,201.7973878247,8604.9549958781,8.4286085875,14.5358137193,0.0000404633,6.6560766109,-0.090670877,0.8643888683],[0.0006420735,1541.4538954193,0.8256358051,4419.7239360734,0.1598528779,262.0859645713,16137.4418488744,8.4544440522,13.5746440466,0.000111255,5.8943309063,-0.2051762416,0.9768999197],[0.3737280692,452.8781602289,0.9112904839,2551.7852453638,0.7426463109,36.0210085605,9754.2628212263,3.5851177343,4.7333192259,0.0019058114,2.4283418766,-0.4552153628,0.9683818219],[0.0001601984,568.4521653219,0.8524727839,1926.4180055217,0.101972093,201.2243830733,7137.219856765,8.3328232924,13.3463103744,0.0001289322,5.3321561359,-0.1946041748,0.9691912835],[0.0002270268,316.8519435052,0.963657699,4359.2711596509,0.2027469116,212.396626004,17120.2326950985,8.8029885664,12.9862508762,0.000254011,4.610327953,-0.340793741,0.9972935184],[0.0015772322,382.1551118962,0.9648242999,5431.4061015801,0.3482570839,234.8441357829,21343.4692944242,8.0784357952,11.5817449754,0.0004213797,4.1184865808,-0.381822974,0.9976304821],[0.0048647848,339.9446696241,0.965512752,4928.1996490647,0.2790146284,133.7427056333,19372.8539266345,8.1529024647,11.8494600042,0.0003075045,4.4865983925,-0.3516959936,0.9963860868],[0.0006638242,331.7652791442,0.9104482026,1852.2993857361,0.3046443067,236.0469576859,7077.4322638001,8.3536708985,12.3036923323,0.0003845675,4.3805612855,-0.3406312091,0.9960172231],[0.0001164107,924.4363419406,0.8308291927,2733.0445299974,0.0664193218,179.7263717501,10007.7417780491,8.3237777716,13.859776634,0.0000771238,5.8512033186,-0.1408757408,0.9342508659],[0.0199622747,1778.5473878477,0.9115610093,10054.4651144299,0.3613548566,322.3961541255,38439.3130698717,7.2975448549,10.5489767245,0.000402891,4.8367487015,-0.3158165537,0.9900623947],[0.0001089704,1186.4873638597,0.8070425879,3074.1333897771,0.0857560083,197.3991060087,11110.0461952487,8.5457278081,13.8978369141,0.0000884667,5.8273310856,-0.1777502357,0.9655350046],[0.0002723802,641.2460618136,0.5486808829,710.3221741524,0.0619745003,177.4778772069,2200.0426347959,7.2032364892,12.5591873748,0.0000864798,5.6299353988,-0.0675869114,0.7633698283],[0.0009592448,113.5985497793,0.9335326188,855.1367651885,0.3057214216,220.8532103032,3306.9485109748,7.7798797618,11.3986893966,0.0004713471,4.0293232417,-0.3284647668,0.9938913425]]}