{"columns":[0,1,2,3,4,5,6,7,8,9,10,11,12],"index":[0,1,2,3,4,5,6,7,8,9,10,11,12,13,14,15,16,17,18,19,20,21,22,23,24,25,26,27,28,29,30,31,32,33,34,35,36,37,38,39,40,41,42,43,44,45,46],"data":[[0.0001631776,587.2648915908,0.8796134344,2439.1583543556,0.0938115672,243.6482558401,9169.3685258316,8.4060993188,13.482999782,0.0001221984,5.373048337,-0.1925507343,0.9700252324],[0.0003974552,503.1203199905,0.8607404578,1806.3955737096,0.2145251529,218.6292503719,6722.461974848,8.2953922484,12.7062407044,0.0002529959,4.8378495258,-0.2691802384,0.9898282493],[0.3987699885,311.6083508823,0.6204538413,410.3021054531,0.685603768,379.3683117779,1329.6000709303,3.5432152775,5.2067251684,0.0016939394,2.754925464,-0.348840726,0.9423586483],[0.0000879416,1701.964389478,0.6389470613,2356.5388315381,0.068050076,203.0623623387,7724.1909366744,8.4270588218,14.1065163045,0.0000693026,6.1509355488,-0.134543275,0.9311835799],[0.0005843916,954.5112186573,0.7999642618,2385.7007623871,0.1483937262,110.7399861259,8588.291830891,7.9545066838,12.7487988619,0.0001507731,5.3967860015,-0.1825659942,0.9592075911],[0.0001255999,522.3162702186,0.9357078292,4062.0451068303,0.1101254683,200.5176082943,15725.8641571025,8.7602728795,13.7163768041,0.0001340909,5.3041440679,-0.238584897,0.9867598966],[0.0016713214,981.7134596349,0.9107138336,5498.5800808346,0.1528066947,160.5875505531,21012.6068637036,8.5214025351,13.211736814,0.0001162143,5.6520318777,-0.2429564388,0.9864901915],[0.0002996556,1429.8996664751,0.7476665635,2833.1688021789,0.0702309071,173.9997880262,9902.7755422406,8.3766627441,14.0580208887,0.0000571053,6.1973876991,-0.13237859,0.9281609393],[0.07451709,147.4147232018,0.9777429101,3311.6304771184,0.423531078,392.9030297673,13099.1071852717,6.9657341455,9.8898202422,0.0005654303,3.8595427013,-0.4051183913,0.9964939508],[0.0003895993,219.893580208,0.9584248858,2645.8239308043,0.2725142242,244.1492957083,10363.4021430092,8.5344369337,12.393736886,0.0003542251,4.2613499699,-0.3604673463,0.9974900768],[0.0000787086,1412.1777713508,0.7384914162,2700.2286288245,0.064357758,241.155250199,9388.7367439474,8.560434274,14.228043216,0.0000744796,6.023716572,-0.1425252371,0.940988725],[0.0083725966,97.0814365984,0.9889633121,4396.583993317,0.500251782,381.6219275698,17489.2545366697,7.0572622268,9.2984549085,0.000837141,3.0333343096,-0.471740373,0.9982265737],[0.0624240394,278.2854519917,0.977375095,6147.8562171217,0.4472394596,402.8704971156,24313.1394164951,6.5395250463,9.0765274506,0.0006167565,3.6114678183,-0.4008143833,0.9944129108],[0.0004581114,247.6672835543,0.9681578165,3887.9337628232,0.2174525906,314.8977848621,15304.0677677386,8.6964085566,12.824065607,0.0002465893,4.6261424645,-0.3373091969,0.9969138424],[0.0002974259,806.8670624709,0.8060135667,2079.5991722732,0.1273880166,204.8082155888,7511.529626622,8.1876584995,13.1688077006,0.000122462,5.5686521018,-0.1897502896,0.96715742],[0.0000793739,1727.8570515032,0.8101895096,4553.5399009394,0.0692600443,217.7633359213,16486.3025522544,8.7301262369,14.3326229454,0.0000633491,6.1812087778,-0.1647662788,0.9608990565],[0.0005703692,172.4746505463,0.9775648641,3845.9142552679,0.2976627555,199.6390602016,15211.1823705254,8.5782716548,12.0830475692,0.000400805,4.0771228952,-0.4094940438,0.998896911],[0.0002023034,247.8735191357,0.9066938023,1329.0587633854,0.1174767949,201.539665721,5068.3615344059,8.1314441818,12.8051866169,0.0001633501,4.9147682177,-0.214921171,0.9749921679],[0.0013216093,336.2580132626,0.9646318125,4754.4549417791,0.2075803579,256.4027565141,18681.5617538539,8.4399206453,12.6292916657,0.0002121444,4.8192654868,-0.3112123138,0.994793079],[0.0001969791,150.3001350711,0.9758909343,3116.8045972248,0.1579547497,190.9936398929,12316.9182538281,8.5823886534,12.7989952809,0.0002716943,4.4622405877,-0.3163251642,0.9953696534],[0.0011057875,194.0633872183,0.939457156,1602.5437308928,0.2665756936,199.9606731146,6216.1115363528,8.0282008945,11.884093924,0.000294068,4.409617863,-0.3194196827,0.9941070775],[0.0033816455,660.3805498454,0.5266563507,697.5828109572,0.4032092309,155.4989127578,2129.9506939833,7.354003434,11.3125920959,0.0005203295,4.5914801175,-0.2808161338,0.9869792244],[0.0232029803,80.5949052975,0.921729937,514.7197300748,0.5245427723,157.5826802273,1978.2840150016,6.6875008356,9.1753302667,0.0011086913,3.269711645,-0.4421104545,0.997034953],[0.0005500676,828.3371041406,0.9184072901,5076.5334324006,0.1430595841,322.4352378122,19477.7966254617,8.3655769305,13.0464003447,0.0001332262,5.459297984,-0.2492332718,0.9873775943],[0.0006503969,197.631346216,0.9258101864,1331.6770207939,0.2410133088,225.1941625146,5129.0767369598,8.036687879,11.8218654833,0.0003474349,4.2044065895,-0.3261504752,0.9945982647],[0.0003533942,513.2609516347,0.8302047671,1511.2709560986,0.1686693845,225.0001466405,5531.8228727597,8.1322311536,12.7622770459,0.0001891703,5.0759654225,-0.2244053368,0.9792024006],[0.0247911164,521.7213945898,0.937932116,4202.409918975,0.3752650465,359.2278585937,16287.9182813101,7.7519116678,11.3569429498,0.0004257976,4.6426265653,-0.3607945856,0.9964687424],[0.0006348875,408.7778678582,0.9537450926,4420.3789629458,0.2484532396,195.6181725863,17272.7379839248,8.4233832074,12.2675662886,0.0003098038,4.5311910618,-0.3469052469,0.9967059213],[0.0002591287,368.9293072054,0.9537444253,3990.8806840738,0.1688728464,267.248589831,15594.59342909,8.647751157,13.1112846409,0.0001957988,4.8733381303,-0.2924842232,0.9932399406],[0.0061163339,644.8549489833,0.9395578089,5335.6346669572,0.2167775038,267.389165138,20697.6837188457,8.1936427766,12.5833775243,0.0001755512,5.2770933323,-0.2631660339,0.9883963501],[0.0017755838,413.1533128169,0.912107212,2350.4184815319,0.1714955254,116.0257376283,8988.5206133108,7.755250095,12.263896866,0.0001619309,5.1046842566,-0.2069885826,0.9686208658],[0.0000836369,1000.6704080044,0.7920147757,2405.3896324804,0.0653586285,279.6427330596,8620.8881219173,8.5393039627,14.0842661112,0.0000771544,5.8833122156,-0.1474019548,0.9434439466],[0.0005413439,367.6920158358,0.9007078266,1853.3184709007,0.258109209,218.4192769431,7045.5818677671,8.2391024537,12.3557487018,0.0003072744,4.5806151183,-0.3010262981,0.9931480935],[0.0006291014,286.0438614788,0.8589444125,1014.1356524592,0.1857982015,87.7088636269,3770.4987483581,7.5794551834,11.6796922396,0.000272738,4.4891744639,-0.2335561019,0.9748798087],[0.0006299237,218.7057618323,0.9215271008,1393.6022611237,0.2773268904,224.5610516191,5355.7032826625,8.1335524427,12.0433666493,0.0003468226,4.3256380015,-0.3188690249,0.9943179121],[0.0006635916,162.1799844984,0.9532437073,1734.087857585,0.286224538,159.4519993269,6774.1714458418,8.2302899372,11.9906939642,0.0003689166,4.1374807478,-0.3472630128,0.9961842796],[0.0001810239,772.0561552455,0.9156485718,4576.070380686,0.1272613821,213.1193459176,17532.2253674986,8.7926204933,13.6728973277,0.0001297897,5.4827691368,-0.2506732253,0.9893898396],[0.0001289269,750.0393862737,0.931796416,5499.7760870759,0.0906700254,205.011181573,21249.0649620297,8.8375306426,13.8682125641,0.0000976012,5.6444605191,-0.2348850048,0.9866935915],[0.0016690224,433.4417623712,0.9516517545,4481.9918903935,0.1992565645,177.2628552532,17494.5257992027,8.4495021608,12.8341809306,0.0001942452,4.9877179895,-0.2863459866,0.992660384],[0.0010311492,319.956262485,0.9143616277,1868.5926281749,0.2613135087,363.3030509414,7154.4142502146,8.1420736207,12.191055726,0.0002733062,4.6143282373,-0.3050183566,0.993214228],[0.0000831984,853.9568977237,0.8249594775,2438.8780792293,0.0639210216,258.7529400374,8901.5554191935,8.535100875,14.06602985,0.0000752604,5.8385406593,-0.1514551352,0.9455049744],[0.0013243321,492.5790332754,0.951704858,5099.7288497286,0.390282435,312.5686301113,19906.3363656388,8.672120645,11.9929788091,0.0004788629,4.3136620175,-0.4424169509,0.9994157918],[0.0047219224,945.4003749601,0.9130452596,5435.3941195815,0.2068395472,129.3161334584,20796.1761033658,8.0563158465,12.2909070968,0.0001651742,5.4145528299,-0.2514418965,0.9846110947],