{"columns":[0,1,2,3,4,5,6,7,8,9,10,11,12],"index":[0,1,2,3,4,5,6,7,8,9,10,11,12,13,14,15,16,17,18,19,20,21,22,23,24,25,26,27,28,29,30,31,32,33,34,35,36,37,38,39,40,41,42,43,44,45],"data":[[0.2186517745,992.6432759332,0.9400957854,8284.9325861743,0.6682289633,344.9765186566,32147.0870687637,4.662047757,6.4170939476,0.0015737866,3.0565280354,-0.4416059921,0.9866756915],[0.0002116753,353.179470352,0.9503276948,3554.8928998427,0.1513721325,213.5816783541,13866.3921290187,8.7200879212,13.3467057904,0.0001639981,5.0731135979,-0.2774354564,0.9927197623],[0.0010572355,169.8470447457,0.9787720613,4001.2051180664,0.4082745458,321.0210076993,15834.97342752,8.6039319115,11.5603215678,0.0005968602,3.5309934402,-0.4846705378,0.9996705603],[0.256950984,276.8736424926,0.9811794588,7353.831607153,0.6325144478,399.7116803903,29138.4527861193,5.1421200312,7.0129952532,0.0013254152,3.1018108748,-0.4743410922,0.9934900155],[0.0002346794,733.1021005288,0.9124298394,4186.2608528109,0.1058816584,237.2262821488,16011.9413107146,8.8014802632,13.9870761202,0.0000983604,5.6290411928,-0.2160195139,0.9821251062],[0.0034561153,337.5564004825,0.9821765012,9469.4936115889,0.3339566736,229.8421592296,37540.4180458732,8.0632531103,11.511721605,0.0003935061,4.2513504894,-0.3841362609,0.997738294],[0.0002888757,431.7422897809,0.8208523896,1204.8006000125,0.1587575212,168.4023770024,4387.4601102692,8.0222063647,12.8014712555,0.0001728516,5.0737314191,-0.1955369391,0.9656284442],[0.0000999711,659.9695873905,0.861968261,2392.6895154892,0.0840009888,186.5311856769,8910.7884745665,8.4844762358,13.7823926043,0.0001048205,5.5472493297,-0.1729508273,0.9588382655],[0.0000919965,766.725108272,0.8917769668,3541.5518695336,0.0844096883,241.4262021891,13399.4823698624,8.7750861097,14.0071716669,0.0000932915,5.6692261648,-0.2069170164,0.9782235403],[0.0015599028,436.0902653756,0.8341135679,1314.3517779183,0.2603265253,149.7047499831,4821.3168462977,7.5568731172,11.4437632732,0.0003327442,4.5494412901,-0.2639968464,0.9792639733],[0.0071460427,388.3091510479,0.9697174171,6412.4508568354,0.3125803965,289.8079799811,25261.4942762936,8.0996972511,11.7436762686,0.0003368577,4.4526290715,-0.3667305042,0.9971003528],[0.292715423,429.7709527022,0.9825072305,12282.503082471,0.6469130051,343.6397074056,48700.2413771816,4.3325237433,6.0792090855,0.0014040652,3.0062643506,-0.3911602143,0.9734774913],[0.0001348714,940.5038805731,0.8154661411,2548.3577461462,0.0739162549,238.1525239463,9252.9271040117,8.4026131821,13.7348639948,0.0000890231,5.7520453715,-0.1623592636,0.9531536046],[0.0000899818,891.0219753669,0.8735308359,3522.9624425878,0.0738271969,171.3792386303,13200.8277949841,8.6597883628,14.0267372315,0.0000859477,5.7820804221,-0.177514552,0.9652993436],[0.0000930386,1728.4388509654,0.7511689833,3472.783398984,0.073637989,235.6431011207,12162.6947449706,8.6587163643,14.3362010985,0.0000614386,6.2595753684,-0.1445163962,0.9438624648],[0.0001527713,1092.0454429044,0.8620839917,3958.9960664391,0.1083831095,174.0668449987,14743.938822852,8.7114232321,13.92230648,0.0001082437,5.7125240831,-0.1981001443,0.9742556754],[0.0013659342,182.485240953,0.9836610998,5584.2791342224,0.2284302919,161.6365086902,22154.6312959366,8.4735759007,12.3457356895,0.0002636836,4.4408505431,-0.3525164489,0.9972871334],[0.0000888275,1227.9121061476,0.754640043,2502.3126734684,0.074145183,189.0852769749,8781.3385877258,8.508879728,14.0446231874,0.00008209,5.9242330763,-0.1520907925,0.9459184909],[0.0001041484,779.9403812215,0.8671405809,2940.9819825855,0.093287948,250.3714769885,10983.9875491205,8.6985999479,13.8264209743,0.0001092092,5.5663817678,-0.2147514511,0.9802614185],[0.0003289509,724.7523715301,0.8921625391,3360.2815489579,0.2360177722,247.2095806486,12716.3738243015,8.6856574314,13.171932356,0.0002491313,5.0044149834,-0.2977843554,0.9947378347],[0.0001990994,1248.7161937812,0.618260067,1635.5028540553,0.0730311381,137.1049612443,5293.29522244,7.8338654569,13.3146081066,0.0000749292,5.9950657411,-0.0951533725,0.8567474101],[0.1910310749,266.0061685403,0.9830771023,7857.7118262652,0.5903016135,383.368816481,31164.8411365205,5.7170709975,7.8276997636,0.00112043,3.3237118946,-0.4663448693,0.9955963136],[0.2180489553,502.6901231026,0.9620782558,6627.2877756194,0.529628264,378.2062181797,26006.4609793749,5.2496605749,7.8086989334,0.0009651257,3.9003798121,-0.3253730367,0.9755103094],[0.0003065345,457.8355811945,0.9445769178,4131.8659334245,0.159327564,165.0255540993,16069.6281525037,8.6122998607,13.041446293,0.0001837203,4.9735173365,-0.2896212269,0.9933316386],[0.0021877972,57.5008840006,0.9917628779,3490.4577126342,0.4090461515,292.7635753336,13904.329966536,7.7223494186,10.4865105684,0.0006334564,3.3416975838,-0.4477447212,0.9987167989],[0.0004032053,180.8965204629,0.873475208,714.8019633468,0.1364204644,165.632968024,2678.3113329242,7.6341380398,12.0588766374,0.0002270401,4.6478583956,-0.1977238787,0.9597978359],[0.0001302845,1195.9967562557,0.8597331264,4263.2553143719,0.0760028962,312.7877677406,15857.0245012318,8.765338896,14.1020990195,0.000072852,5.9940347828,-0.1790379154,0.9672053473],[0.0004537181,140.3100430836,0.9760628722,2932.3108207479,0.1878495372,192.395072512,11588.9332399082,8.066333944,12.099860083,0.0003003148,4.3481590074,-0.2948518346,0.9916872221],[0.0004221327,178.0805681858,0.9687752191,2852.5305013295,0.2295370881,294.4725560125,11232.041437132,8.3494694248,12.3674587961,0.0002827375,4.4216341289,-0.3218392444,0.9950539019],[0.015423904,1670.8522663497,0.8902005775,7608.9742638985,0.2086173342,273.0501056847,28765.0447892441,8.2155389927,12.9132848592,0.0001478831,5.8448415294,-0.2343244554,0.9824952627],[0.1925019938,727.8415721605,0.8696170942,2790.4274290481,0.4847836756,331.8777499404,10433.8681440319,5.6703813477,8.6610978511,0.0008264445,4.2786673994,-0.3074296484,0.977925508],[0.0003627086,3136.4392029152,0.4202756763,2705.3976220903,0.0803885846,156.8852311258,7685.1512854461,7.9726795576,13.1592151682,0.0000549787,6.4772452118,-0.0936380783,0.8513918014],[0.0003552613,810.8079135866,0.6028923662,1030.0098853367,0.1210023907,118.959907146,3309.2316277602,7.588708088,12.3122252454,0.0001566506,5.1523740645,-0.1576257734,0.9313759951],[0.0000633066,1267.8749536358,0.8147000983,3421.1859438082,0.0517428591,230.5908592669,12416.8688215969,8.6840499492,14.3521672831,0.0000618869,6.0910468818,-0.1512369824,0.9503337731],[0.0001194782,966.626353983,0.7927180196,2334.6313265963,0.0948410305,230.4312970687,8371.8989524024,8.524008886,13.8721099151,0.0000915401,5.7958027699,-0.1742263925,0.9615316582],[0.0026181258,140.5175611204,0.9867397206,5296.8467503902,0.4072103063,373.2796638289,21046.8694404404,7.9333547277,10.8293900025,0.0005746419,3.6734439987,-0.4443628824,0.9988731905],[0.0002588863,308.9832853067,0.8873597527,1371.343084968,0.1391690411,215.7991622638,5176.3890545654,8.1066012407,12.7427556374,0.0001831028,4.9100265118,-0.2207941319,0.9767576306],[0.349993319,340.3405583151,0.9508343825,3460.208356029,0.6372962121,437.6975057086,13500.4928658011,4.4481996121,6.3042824215,0.001454548,3.1330031648,-0.3990279332,0.978024259],[0.000975076,108.6922985839,0.9748869468,2164.785467683,0.3734626232,178.0122174973,8550.449572148,8.1691414856,11.3097897466,0.0005167746,3.6815424491,-0.4291968729,0.9988596552],[0.0000986608,898.8146929741,0.8507252163,3010.1793551035,0.0641091147,185.1728809502,11141.9027274398,8.5151449667,13.9483662206,0.0000794595,5.8254950088,-0.1608240997,0.9529900636],[0.0002558117,220.0597181428,0.9744653299,4309.7492157769,0.165682673,190.8235303346,17018.9371449648,8.6100900803,12.8966565542,0.0002351306,4.6021054545,-0.3094414809,0.9950766883],[0.0002196167,477.774998097,0.9222343669,3070.7744379843,0.1291240501,319.8932710906,11805.3227538402,8.4464927385,13.1843855578,0.0001398679,5.2686408763,-0.2350441085,0.9835302616],[0.1682228572,395.6085024824,0.9441597148,3541.0895436926,0.5632910671,78.70567215,13768.749672288,5.4781175351,7.6991107528,0.0010607479,3.6051206277,