{"columns":[0,1,2,3,4,5,6,7,8,9,10,11,12],"index":[0,1,2,3,4,5,6,7,8,9,10,11,12,13,14,15,16,17,18,19,20,21,22,23,24,25,26,27,28,29,30,31,32,33,34,35,36,37,38,39,40,41,42,43,44,45,46,47,48,49,50,51,52,53,54,55,56,57,58,59,60,61,62,63,64,65,66,67,68,69,70,71,72,73,74,75,76,77,78,79,80,81,82,83,84,85,86,87,88,89,90,91,92,93,94,95,96,97],"data":[[0.2010951914,1247.5993312963,0.8286894957,3640.5340818661,0.5315849268,83.7117235147,13314.5369961681,5.4080960754,7.8540161513,0.000953142,3.9364648346,-0.3282837119,0.97644312],[0.0352589886,1691.0447679591,0.8271323922,4891.0114468774,0.3165366125,248.911855041,17873.0010195505,7.3285489759,11.2471870752,0.0003165059,5.2569560476,-0.2925232129,0.9887918178],[0.0036678154,3047.5522598321,0.6431792646,4269.6405065269,0.351768231,126.7787267866,14031.0097662756,7.8665036291,11.6713450441,0.0003772858,5.1976710475,-0.3119754034,0.9929080277],[0.0935915962,862.8087198808,0.7414418609,1689.2288063865,0.4870012254,404.1387480974,5894.1065056653,6.3487668323,9.0001265674,0.0007249121,3.6451338686,-0.405389944,0.9944923094],[0.0376962592,3394.4488119393,0.6864349985,5428.4516097466,0.3244294416,390.3561252597,18319.357627047,7.324418073,10.9791507919,0.0003282265,5.3483068039,-0.2824985289,0.9860241894],[0.0241903512,1003.837566251,0.8002607308,2513.0104998798,0.2449295628,377.8771322417,9048.2044332683,7.3559304337,11.7972144203,0.0002003413,5.4699327953,-0.2085429282,0.9671766653],[0.0977642104,346.7920373917,0.9430752787,3045.7454362928,0.437145237,99.2779500838,11836.1897077794,6.5036507122,9.4808346058,0.0006782292,4.1673986756,-0.3569675844,0.9915533886],[0.0002917034,692.3015737549,0.9082584739,3773.3405719334,0.2547234868,272.1975117651,14401.0607139788,8.7288935873,13.2714589173,0.0002303964,5.1417195178,-0.2886478622,0.9939481151],[0.2872154819,452.4846428873,0.9560289639,5143.8772749851,0.6234211428,78.3044520739,20123.0244570531,4.6316186309,6.3968480692,0.0013406245,3.1471199902,-0.3768440282,0.9736418835],[0.0286309804,2513.683481776,0.7719307688,5509.9257517413,0.341809935,405.4633498842,19526.0195251893,7.3260535769,10.9584742468,0.0003537522,5.1708287766,-0.2616091702,0.9806402321],[0.0841102899,1156.9422994197,0.8749742295,4626.7993355174,0.3549655352,373.9572673662,17350.25504265,7.0383390563,10.6270406542,0.0004245243,4.8657511692,-0.3027975968,0.9882096726],[0.1903241273,4230.1034237198,0.5254700105,4456.5180047197,0.4902298566,436.609111469,13595.968595159,5.5137159355,7.9844794041,0.000831112,4.5339848557,-0.2524249762,0.9488397026],[0.0584895575,728.5116935925,0.8998806321,3637.7537789927,0.3299060289,402.5452933594,13822.5034223783,7.1576205115,10.7441135157,0.0003573946,4.8355807857,-0.30448227,0.9889780732],[0.1506602142,1003.8537267075,0.9258157054,6764.9961424811,0.4420697453,137.9378347756,26056.130843217,6.3547506446,9.5272832332,0.0006672415,4.5722139752,-0.310889957,0.9844584717],[0.1518310975,1036.4775158133,0.9223755634,6675.3067666107,0.4441976808,136.6866585153,25664.7495506294,6.3453099216,9.5249821465,0.0006743561,4.5762839658,-0.3116425469,0.9846060249],[0.1464232307,1035.4902238195,0.9212144646,6570.6811793878,0.4413491443,135.6072450588,25247.2344937317,6.392434715,9.5983959159,0.0006629026,4.5905850633,-0.3119421243,0.9850771812],[0.1535884258,1023.0940270563,0.920030703,6395.8759391692,0.4464180576,132.3179873675,24560.4097296207,6.3200594049,9.4904691945,0.0006813686,4.5594098167,-0.3115485906,0.9844040977],[0.2046708856,845.2939502567,0.9292554004,5973.1390492879,0.5012571032,118.3613172926,23047.2622468947,5.8121580369,8.6376002426,0.0008787191,4.19261102,-0.3324900464,0.9835302529],[0.213903359,813.0618083075,0.9324412719,6016.2538234086,0.512076321,116.2783029274,23251.9534853267,5.7218990806,8.4755343433,0.0009165707,4.1219292742,-0.3374672065,0.9835016604],[0.2144325283,856.0835844806,0.9326996248,6358.7762183539,0.5120139158,116.6762649595,24579.021288935,5.7123648869,8.4468865234,0.0009161613,4.1353430829,-0.3371729201,0.983243678],[0.1806451591,1036.2673742459,0.9266789693,7065.4292119289,0.473282842,134.5185434883,27225.4494734697,6.0546524687,9.0551205849,0.0007792986,4.4241535499,-0.3173592339,0.9830205527],[0.0944536411,771.7816492443,0.9226102656,4985.5133849825,0.4437647484,395.9603440444,19170.2718906857,6.4598479128,9.3913255889,0.0006138272,4.2998567984,-0.3401107672,0.9890703623],[0.1473105249,1354.3049715371,0.8490499987,4485.2628393047,0.4528025007,405.1354905753,16586.7463856817,6.1048937241,9.1111814415,0.0007129025,4.5613485457,-0.2945950045,0.9781553531],[0.0848772781,2971.4420284258,0.6760715328,4586.4403043696,0.4067724901,418.8096502527,15374.3191890524,6.5463154129,9.9231573134,0.0005225866,5.1561758094,-0.2513577962,0.9705777785],[0.1617211294,9143.5792410341,0.3144704375,6668.4106291878,0.439437138,429.8298107887,17530.063275717,5.536270221,7.7256880398,0.0006765295,4.9624110969,-0.0953463416,0.7338876394],[0.030514814,57.8218810525,0.993237511,4276.5653735925,0.370887912,185.4702462537,17048.4396133175,7.6192038411,10.5976924313,0.0004965522,3.6844440531,-0.4319860765,0.9984154991],[0.1224303483,504.2761678748,0.9617158627,6585.9248141504,0.4377111726,175.4113794121,25839.4230887269,6.0874321234,9.2705445295,0.0006625751,4.4433334609,-0.3001819243,0.9808054318],[0.1648952081,682.5936342698,0.95023763,6858.4104497611,0.4601268395,345.6934848368,26751.0481647745,5.9490978579,9.01603331,0.0007321748,4.2798612383,-0.312416587,0.9818893748],[0.1031110482,239.8696973918,0.9810031007,6314.0779026587,0.4208021899,190.6461975439,25016.441913243,6.3396347085,9.4040726706,0.0006346685,4.1210621804,-0.3313899089,0.9877922158],[0.0090628421,331.5471476115,0.9089294552,1820.373834746,0.2787812935,100.998871492,6949.9481913726,7.5153727046,11.200409495,0.0002904592,4.5026331576,-0.3046974962,0.9902162384],[0.0082159944,2291.0502660471,0.8707055645,8860.3673314245,0.1845630429,245.2607461611,33150.4190596509,8.3316074878,13.0335052354,0.0001190675,6.0932897574,-0.2262891842,0.9813432629],[0.0082649031,1959.1691260493,0.6910890936,3170.1374609818,0.3125655607,335.1788559388,10721.3807178778,7.0320148185,10.8901116866,0.0003171183,4.9751705637,-0.2507116219,0.9767363141],[0.304216166,121.1174520073,0.9909357646,6679.7206531431,0.6324073677,130.3194549969,26597.7651605652,4.4836602877,6.252761013,0.001411712,2.8395386739,-0.4223298239,0.9818205473],[0.0366976816,171.3429175941,0.9858528838,6060.3157766698,0.3507935004,247.7170157586,24069.9201890849,7.0885534207,10.275839725,0.0004189669,4.0073949112,-0.3486731465,0.9928250002],[0.0404667276,185.580276316,0.9840066799,5806.3969342225,0.3455883353,237.5292622932,23040.007460574,6.9131956222,10.1124307511,0.0004161204,4.0868209215,-0.329029888,0.9898097004],[0.0535128427,170.7795726159,0.9866742742,6411.479292703,0.3866587578,229.6106524802,25475.1375981961,6.8206525038,9.7932786572,0.0005094342,3.8723293959,-0.362889784,0.9929219362],[0.0317576437,169.3625395771,0.986011969,6058.6856931416,0.3457603277,250.1192362658,24065.3802329893,7.1703327731,10.3674188675,0.0004124342,4.0131565263,-0.3504101195,0.9932516269],[0.0910402148,898.1476496664,0.9031938733,4638.8473525349,0.4111157069,388.087510967,17657.2417604731,6.6919229709,9.8262384311,0.0005416686,4.4163547427,-0.3372442639,0.9904745294],[0.0004783102,4000.4790213946,0.5764627551,4722.0585167329,0.0893240247,412.456751193,14887.7550455371,7.6638694703,12.4643573566,0.000084121,6.1770054354,-0.0991749802,0.8523094351],[0.0000726245,1088.9027764584,0.851111447,3657.1783968937,0.0517805048,227.019041274,13539.8108111164,8.5511521617,14.1672509887,0.0000655974,5.9851530186,-0.1615263233,0.9573679433],[0.0005341188,3660.0224249246,0.6561341083,5321.0315315305,0.0934550053,407.7727713263,17624.1037011972,7.5960609971,12.3981174957,0.0000864122,6.1462048494,-0.0989174774,0.8493630756],[0.1134091072,1009.2981291671,0.9285152131,7059.5740585001,0.4348022917,169.904998727,27228.9981048332,6.1893426751,9.2599068785,0.0006368744,4.4420911653,-0.3082889118,