{"columns":[0,1,2,3,4,5,6,7,8,9,10,11,12],"index":[0,1,2,3,4,5,6,7,8,9,10,11,12,13,14,15,16,17,18,19,20,21,22,23,24,25,26,27,28,29,30,31,32,33,34,35,36,37,38,39,40,41,42],"data":[[0.0008903835,715.3325671405,0.9139276724,4157.1826078076,0.1215924653,190.833562741,15913.3978640901,8.548079634,13.5298785385,0.000103854,5.5990448913,-0.2201872299,0.9812956246],[0.0000935011,1366.8940333492,0.8134156127,3663.1410984538,0.072301878,296.3036991232,13285.6703604661,8.6764482223,14.3011018102,0.0000612368,6.1596096036,-0.1562992627,0.9541947899],[0.0000819116,1490.7963312136,0.8135755771,3998.2737246508,0.0475662288,258.9285520082,14502.2985673898,8.5890475539,14.3328340644,0.0000534004,6.2368699243,-0.1369013934,0.9365689474],[0.0005231297,192.279581425,0.9786503039,4502.9694774694,0.2570280239,298.9766990251,17819.5983284527,8.6303231369,12.2789092502,0.0003739246,4.1790985159,-0.3924044548,0.9984223741],[0.0010783125,156.7432157634,0.9707528321,2679.3247446689,0.3606170285,311.6338914037,10560.5557629122,8.3044641164,11.5307397263,0.0005119972,3.8024707385,-0.424247494,0.9987916138],[0.0003197318,847.1454117158,0.7944307689,2060.3560981016,0.1722521358,362.5013402714,7394.2789806906,8.1959397481,12.8946456861,0.0001789996,5.2957296545,-0.221354893,0.9791322148],[0.0008553427,1271.5987447867,0.720148299,2271.8873060283,0.1623000218,407.7356931631,7815.9504793262,7.853983343,12.6600388122,0.0001305277,5.6960420142,-0.1728676141,0.952961307],[0.0024038232,382.8378751604,0.9467364684,3594.3033814427,0.3147662538,331.5264331938,13994.3756506104,8.2854223919,11.7894014893,0.0003859506,4.2752809842,-0.3825880341,0.9979040137],[0.0768685114,1156.6110420587,0.9165642468,6931.1876450115,0.3496145396,328.677941069,26568.1395379872,6.8358830064,10.5719033768,0.000404688,5.1708249351,-0.2557329729,0.9771918108],[0.2172254823,837.703243562,0.9592007094,10267.4736268111,0.6408753744,359.9129994516,40232.1912636824,4.9188758334,6.6252181049,0.0014307373,3.1608587899,-0.4509740248,0.989302439],[0.399561203,169.3169886216,0.9713434422,2952.6792188722,0.6992625931,59.9947500962,11641.3998868673,3.7830292526,5.2283428301,0.0019963839,2.6422206457,-0.4216668496,0.9685635696],[0.1094063853,1009.5298764339,0.8061583897,2604.1464888716,0.5857385545,410.4341432698,9407.0560790526,6.1030629554,8.4388735023,0.0010886116,3.502953298,-0.4477215274,0.9960778276],[0.092862239,874.3595712392,0.8937230792,4113.5869938414,0.353298433,289.5669677825,15579.9884041264,6.6560879577,10.5044471392,0.0004442865,5.0351780326,-0.2571155451,0.9771438535],[0.0004829599,150.0373750884,0.966163569,2216.920412918,0.2456373658,213.0223997794,8717.6442765836,8.4471935759,12.2450560601,0.0003450357,4.1602915045,-0.3599696668,0.9974788127],[0.0004665395,491.0017164408,0.943038502,4310.0296852517,0.1774089283,152.1440735607,16749.1170245661,8.3524940238,12.7808615765,0.0001915147,4.9964392217,-0.2699370175,0.9898442807],[0.5509662589,933.2873228304,0.8799624004,3886.5353201166,0.8058089896,463.2116720417,14612.8539576359,2.7350647073,3.564597843,0.002349535,1.9150422799,-0.4514412176,0.9349809767],[0.4518342715,206.4152458655,0.9832042032,6142.0492840165,0.7729895341,439.3069009116,24361.7818902006,3.240929087,4.2557914904,0.0020848069,2.0964425876,-0.5057133308,0.97124587],[0.0003136803,653.4749980912,0.8960559363,3143.3864214893,0.1702438791,234.9642426223,11920.0706878659,8.3108167217,12.866563192,0.0001962354,5.0378350629,-0.244367374,0.9847748367],[0.0001442729,749.1447064029,0.8150355116,2025.0898223086,0.0916424186,265.7019134073,7351.2145828315,8.3056670326,13.5470442947,0.0001062079,5.6395733526,-0.162584541,0.9525599679],[0.0003986579,382.4601978519,0.9292370151,2702.7826597187,0.2400758503,297.5436794214,10428.6704410231,8.5170644612,12.8370804868,0.000242657,4.8031535662,-0.3019194045,0.9940352257],[0.0002086802,1522.2405681652,0.835103624,4615.981218695,0.0809805325,186.8903975119,16941.6843066148,8.7377083516,14.2004345768,0.0000682082,6.1082004227,-0.1694693991,0.9622655337],[0.233230957,743.0611231011,0.9470664967,7018.153423247,0.583064948,395.9384030935,27329.5525698868,5.0012137995,7.0693693331,0.0011484119,3.504130044,-0.3755186588,0.9805740003],[0.4752948715,232.4524608305,0.9640987751,3236.0377001654,0.7332478841,455.2248175509,12711.6983398312,3.4160035683,4.7348011582,0.0019533861,2.487819,-0.414453827,0.9565814587],[0.2160957528,996.3843355547,0.9555698229,11211.4862922151,0.7141836315,177.4720940253,43849.5608333059,4.4732398616,5.8310384738,0.0017258748,2.6009868435,-0.5168675522,0.9909670231],[0.0002763826,726.8050472068,0.9261554527,4921.2810115527,0.1831885314,288.5410510249,18958.3189990041,8.8420965239,13.4938000925,0.0001680261,5.3017079129,-0.2838437029,0.9940408],[0.0006160517,454.1191497977,0.9464502464,4240.0357165604,0.254767483,344.4986935479,16506.0237164441,8.6171293236,12.4729868113,0.0003083219,4.6339253194,-0.364150581,0.9977872829],[0.0032965466,3225.3084332108,0.5636732744,3695.7009743453,0.2107197313,358.6226828246,11557.4954641704,8.0327306071,12.9914098279,0.0001374565,6.2251206794,-0.1884397269,0.9653510052],[0.2939549227,1062.4481225779,0.8836319331,4564.0576767827,0.6397448095,419.4679933027,17193.7825845529,4.4655485603,6.3366174723,0.0014046047,3.2748623501,-0.4049405933,0.9795969306],[0.2569368708,765.7181506997,0.940654871,6449.3797660845,0.5684893021,394.6877539235,25031.8009136384,4.9456819343,7.0664853473,0.0011204377,3.6240090347,-0.3407978669,0.9717525402],[0.0022187955,129.0396510053,0.9866865054,4844.3392658527,0.363731298,346.8412192961,19248.3174124055,7.9727585796,10.9806306259,0.0005367832,3.6715380109,-0.4292925676,0.9985023524],[0.1444780084,384.3498945081,0.9728074824,7064.8851223395,0.5079300763,369.5264841464,27875.1905948497,6.1989241391,8.7210411911,0.0008241428,3.7535218027,-0.4165473822,0.9947135379],[0.3818754159,323.734274516,0.9443347735,2907.2092560103,0.7058600813,454.783093993,11305.1027495254,3.8556606969,5.2925486068,0.0017426636,2.6459261076,-0.4425907872,0.9748328183],[0.0002544916,748.8263486091,0.7964488001,1839.0088914874,0.1119626381,168.8500139147,6607.2092173406,8.0516901445,12.967348071,0.0001281884,5.4314719816,-0.1817475266,0.9587815587],[0.0082179866,557.4913541029,0.9643694075,7826.1126010323,0.319299953,350.7667588517,30746.9590500263,7.2001149659,10.6500419692,0.0003531814,4.5105743978,-0.3125571702,0.9899093733],[0.0056188074,328.7524738138,0.9589943636,4008.8853930112,0.3528573382,277.6039859987,15706.7890982311,7.4129576151,10.7457729276,0.0004270063,4.0783869814,-0.3468055497,0.9936791191],[0.0003125432,545.0606894546,0.8327439109,1629.6578069189,0.15511474,350.1640703236,5973.5705382209,8.1917555339,12.7014057568,0.0002027689,4.9562361892,-0.2456981179,0.984272547],[0.4044492018,388.3481142987,0.9427078057,3388.4829482522,0.7181438407,454.276903662,13165.5836787099,3.7290203389,5.1265339637,0.0018169894,2.5989685214,-0.4277588665,0.9685439786],[0.0003139106,345.1645262225,0.963926369,4785.4645682623,0.2353944484,270.6646803421,18796.6937468266,8.7926909834,12.8468557174,0.000290722,4.5508632515,-0.353621271,0.9977783196],[0.0015350199,818.7116963072,0.8942066746,3868.75006402,0.1519674483,389.0084485484,14656.288559773,7.8242218276,12.5071928101,0.0001282241,5.5055192148,-0.1943136691,0.9648259534],[0.1963695242,397.7089401879,0.9532985326,4256.305593923,0.5544530234,406.5592890052,16627.513435504,5.5010934423,7.6740376853,0.0010190659,3.4644157509,-0.4203805276,0.9910516147],[0.0006448905,762.4175572232,0.8897473219,3457.5370299597,0.2551414451,216.4367934011,13067.7305626157,8.3917250732,12.6943684052,0.0002699412,4.8366208585,-0.3039254902,0.9941049219],[0.5211725768,336.043680396,0.8940864602,1586.131770938,0.7823506219,476.9742978851,6008.483403356,2.8528852342,3.9393797312,0.0022322443,2.1622584889,-0.4287824179,0.9397830326],[0.0001647788,857.7011085073,0.8827158464,3656.5236737598,0.1241200104,277.8335935552,13768.3935865318,8.5744150201,13.6002206838,0.0001322292,5.5103752116,-0.2186671619,