{"columns":[0,1,2,3,4,5,6,7,8,9,10,11,12],"index":[0,1,2,3,4,5,6,7,8,9,10,11,12,13,14,15,16,17,18,19,20,21,22,23,24,25,26,27,28,29,30,31,32,33,34,35,36,37,38,39,40,41,42,43,44,45,46,47,48,49,50,51,52,53,54,55,56],"data":[[0.0660592877,377.1640511502,0.790557742,899.9888514315,0.5709891581,469.292171532,3222.7913545756,6.0973890229,8.3435114453,0.0009727424,3.2600662869,-0.4202252556,0.9934021138],[0.0487097394,170.218567135,0.982488556,4859.4232366128,0.3907763474,362.914050974,19267.4743793161,7.4666235816,10.6023505241,0.0004815297,4.0369730064,-0.4068054045,0.997553961],[0.1211131381,265.3059378919,0.9564439887,3045.0449332403,0.5591627244,152.52183659,11914.8737950693,5.5906701561,7.9296958917,0.0009890331,3.4128361973,-0.4241082555,0.9927340276],[0.000412031,247.0540831688,0.9056427009,1308.9930412984,0.1653718856,417.861256567,4988.9180820248,7.8171310027,12.1928624135,0.0002107397,4.7146881433,-0.224328788,0.9743877243],[0.0942978755,199.9273219103,0.9720338337,3573.4639884453,0.6388568435,427.4736121648,14093.9286318709,6.155729186,7.8850912105,0.0012521944,2.6982932078,-0.5530205253,0.9986810579],[0.0004026861,129.465034874,0.9875490309,5198.7686328538,0.2818267976,299.4675410126,20665.6094965412,8.7685822277,12.3216165718,0.0004003372,3.9533891167,-0.4161830618,0.9991033987],[0.3904034031,1831.0748503839,0.9060465404,9741.6196062179,0.7457863975,410.7356922275,37135.4035744876,3.1639905247,4.063304467,0.0019769985,2.2550356367,-0.3227703644,0.8877111872],[0.0001874574,443.6571062175,0.9575118418,5221.382726048,0.1362072055,243.3990652599,20441.8737979745,8.5589764945,13.3117164693,0.0001450385,5.1818066187,-0.2555977333,0.9886679049],[0.0006471545,211.5849659697,0.8840292556,912.0357414536,0.248223152,225.1741618919,3436.5579998445,7.7841895245,11.6300586042,0.000336888,4.1865629945,-0.2876686767,0.9882376773],[0.0023349537,133.3546239383,0.9737719203,2543.2913428238,0.4284474123,318.0174673604,10039.8107473571,7.7814275389,10.4188161312,0.0006707578,3.2470953495,-0.4766162044,0.9991776439],[0.0009572924,1410.3505660192,0.8653406378,5235.9117159505,0.2250064322,314.3696187705,19533.2962977829,8.2692530308,12.5499116521,0.0002222709,5.1880002001,-0.2821446435,0.9912703773],[0.0009421333,304.9265572655,0.9540760034,3319.9778800388,0.2879352508,265.4005494414,12974.9849628899,8.3650336156,12.1220706209,0.0003707668,4.229918601,-0.3720948542,0.9979116044],[0.0383299157,175.4835627361,0.9676356849,2710.7654498686,0.5097164207,415.7294928004,10667.5782367382,7.1421941479,9.5638657967,0.0007919842,3.3858896196,-0.4856794178,0.9987473108],[0.0004262524,106.0528664953,0.9790371445,2530.1112693683,0.2368962884,250.4934944731,10014.3922109781,8.4414373737,12.1879613641,0.0003498438,4.0539710505,-0.3654026893,0.9976014797],[0.1317234817,370.967061707,0.9363048126,2911.3075982287,0.5296732255,243.5274136023,11274.2633312078,6.0024529536,8.5244488856,0.0009042345,3.563485875,-0.400152951,0.9925379105],[0.0112802102,106.726127531,0.9915273951,6296.3427586637,0.4826516291,146.0271874088,25078.6449071239,6.4088490055,8.7690692053,0.0007907399,3.0463225183,-0.4037429294,0.9935921798],[0.0068068065,422.8363678504,0.8739128477,1676.0425633927,0.5205583951,271.8438883218,6281.3338857203,7.4814997783,10.0429947296,0.0008122707,3.5171694137,-0.4746487183,0.9989370656],[0.0321781542,343.8509932546,0.9708376476,5895.1015537648,0.4305724424,136.9028650835,23236.5552218048,7.2373243066,10.1106643439,0.0005687228,3.8035477187,-0.4206860438,0.9975311283],[0.0100553542,170.748198848,0.9181228292,1043.7823177193,0.5328707721,370.5492207476,4004.3810720292,6.5231159796,8.7325576163,0.0008765271,3.0666709314,-0.4371706612,0.9954320854],[0.000568494,55.592307956,0.9927185187,3817.4239114707,0.3403489991,226.1750233563,15214.1033379267,8.6699354157,11.8416753732,0.0005025975,3.5516051649,-0.4594434128,0.9994961312],[0.0023132443,188.0662154187,0.9763040138,3968.4142662173,0.4952370311,230.1541629752,15685.5908494506,8.2493633966,10.9454849926,0.0007782509,3.360133234,-0.5057015529,0.9996227775],[0.0108075357,1183.1421186952,0.9120058482,6721.396264558,0.3557601042,328.3073497226,25702.4429395369,7.7400207584,11.2149790089,0.0003914591,4.7458379399,-0.3621963771,0.996335488],[0.0007558165,338.7950141889,0.9466642384,3176.1342735294,0.298117406,318.5172499774,12365.7420799286,8.1942055526,12.0340993384,0.0003700422,4.2811681184,-0.3409250679,0.9958773935],[0.0123142535,399.9877407911,0.9715848376,7036.398620094,0.2737626834,237.4149991788,27745.606739585,7.9535819095,11.7278801392,0.0002703901,4.736511502,-0.3245901755,0.994200333],[0.0074127494,158.8091132052,0.9864922467,5881.1513248347,0.332566626,258.6996639074,23365.7961861335,8.2070740913,11.5430631293,0.0003967381,3.9907716581,-0.4226894828,0.9988158025],[0.2525795318,242.4363868963,0.9704192065,4096.5126456006,0.6232281991,429.2236654414,16143.614195506,5.1629279385,7.1240340526,0.0012916546,3.125501877,-0.450436234,0.991705413],[0.2616496587,274.3130863124,0.8777740617,1123.1493656768,0.6619671341,386.7173107254,4218.2843763947,4.6956752142,6.3695827056,0.0014405282,2.7615377321,-0.4926152275,0.9917095233],[0.1103333681,165.351838992,0.9846308158,5379.5934026609,0.5469637661,356.8584802751,21353.0217716515,6.4592553515,8.6778886797,0.0009029402,3.2096857098,-0.4898321217,0.9981003743],[0.0006092053,186.7541974198,0.9379607857,1505.1421517078,0.1777196943,115.8528421997,5833.8144094115,7.7106280327,11.9224507052,0.000231288,4.5306314307,-0.250777739,0.983473393],[0.0363486072,18.0235301827,0.9896191032,867.7352317973,0.7018718992,179.3579830003,3452.9173970065,5.5486707192,6.8637713428,0.0018998453,1.9799711311,-0.5308943868,0.9961080663],[0.0005826503,327.4539652524,0.9503816265,3298.7323171712,0.2642512061,190.9843394181,12867.4753034326,8.3657373626,12.1295696292,0.000348204,4.2888179216,-0.3609172593,0.9970706372],[0.0003608977,253.8075709968,0.9331778854,1899.2635453061,0.2005984616,278.7379655164,7343.2466102275,8.3106376494,12.6293409917,0.0002465304,4.6212367915,-0.2806344822,0.9906191747],[0.0001346648,799.0895218241,0.9104285786,4460.5618261387,0.1405913228,263.5659215797,17043.1577827306,8.816437377,13.6821450892,0.0001657378,5.2538423312,-0.2608985487,0.9898503875],[0.0549889033,845.9978550002,0.9178143132,5146.8276009703,0.4129582337,364.4234334244,19741.3125488809,7.3521541645,10.4873581966,0.0005224108,4.1754595905,-0.3896844797,0.9966972186],[0.068856932,784.3776684913,0.8977221886,3833.6009993993,0.4589815068,426.305625502,14550.0263291058,6.5428598335,9.2876684856,0.0006569863,4.0802466261,-0.3796171841,0.9930223832],[0.0128083752,534.4964730876,0.9650225445,7641.1591409552,0.2940477269,316.715792675,30030.1400907332,8.1440355081,12.0426503548,0.0002860011,4.8117171267,-0.33852898,0.9960072142],[0.0068535133,859.3371913684,0.9326683026,6382.03303527,0.2495200392,308.1518851613,24668.7949497116,8.3084822179,12.467840863,0.0002295834,5.0783502496,-0.3082216672,0.9941603939],[0.0425180055,793.5402683968,0.9115232211,4485.2467255301,0.3584873503,98.3544825373,17147.4466337235,7.098143175,10.4897464772,0.0003964818,4.6713610315,-0.3052473318,0.9881590077],[0.0011323796,172.7187954136,0.9705411322,2931.361050179,0.4484309648,297.9277429714,11552.7254053023,8.4877533951,11.4047868805,0.0006824974,3.4593276155,-0.4843235964,0.9996125523],[0.0008241841,338.7393314112,0.9645517939,4776.549826063,0.3878071493,240.6772374888,18767.4599728407,8.7320476601,12.230455001,0.0004982793,4.0606325865,-0.4259153492,0.9992516637],[0.0015545375,1275.5717699653,0.9018751448,6499.7200530261,0.2211124733,243.9995359299,24723.3084421392,7.9790605388,12.3202826663,0.0002015085,5.3197382168,-0.2559040369,0.9861883676],[0.0039106186,57.0960853334,0.970922948,981.5697698023,0.4133203072,288.9180503108,3869.1829938757,7.7496465054,10.685705478,0.0005705663,3.4687818265,-0.4324513892,0.998381894],[0.0021828126,51.7877315133,0.9781332789,1183.8014110081,0.4000041767,281.8609780794,4683.4179125191,7.9875042845,10.9656985068,