{"columns":[0,1,2,3,4,5,6,7,8,9,10,11,12],"index":[0,1,2,3,4,5,6,7,8,9,10,11,12,13,14,15,16,17,18,19,20,21,22,23,24,25,26,27,28,29,30,31,32,33,34,35,36,37,38,39,40,41],"data":[[0.0006901916,239.5763265504,0.9604730902,3029.9415600903,0.2725568481,267.5129219216,11880.1899138107,8.1557452532,11.7420388948,0.0003847754,4.0711840242,-0.3653203111,0.9971682092],[0.0263315834,528.0064271959,0.9367702303,4174.8374991622,0.4800280876,131.3115821233,16171.3435694528,7.3852646251,10.2687064715,0.0006902092,4.0242228282,-0.4379365129,0.9983580091],[0.0125483718,671.9206146578,0.9088779507,3688.3063361765,0.2078230444,219.0615371924,14081.3047300481,7.8989900466,12.4397491845,0.0001663632,5.3468562737,-0.2341475949,0.9807229637],[0.1003585652,654.8997081381,0.9007649505,3309.1710482593,0.6096227324,341.439510937,12581.7844848992,5.1380726808,7.1099054944,0.001184057,3.1562849008,-0.4294129036,0.9888198915],[0.051286106,1847.3736330095,0.9010601166,9337.6997776443,0.3879307299,358.207453018,35503.4254775679,6.6771777737,9.7725238188,0.0004882715,5.0639698543,-0.2608635644,0.9728618707],[0.1212287634,597.8919815265,0.9627420081,8026.5889294167,0.5743569093,395.7383089598,31508.4637361404,5.6101870601,7.7537111481,0.0010721932,3.5627373021,-0.4147301465,0.9911608217],[0.0004247901,223.3652736442,0.954499851,2454.4688949139,0.15687429,322.1726967909,9594.5103060113,7.9363289806,12.1694385742,0.0002368651,4.5617718509,-0.2546604928,0.98208205],[0.0180901414,77.4662048039,0.9892019008,3587.4006690502,0.4718621571,169.615726281,14272.1364713968,7.5952928907,10.0809283215,0.0007852918,3.2055995052,-0.4951078337,0.9992916205],[0.0004025736,156.8000425424,0.8946934484,744.4849466674,0.133795248,218.7724949448,2821.1397441272,7.648823654,11.9637776863,0.0002729571,4.5809223586,-0.2127256534,0.9677762092],[0.0012117967,183.5688210361,0.93960571,1520.3333332514,0.3369367189,213.7694009573,5897.7645119695,8.010075371,11.3759467813,0.0005204304,3.8780306468,-0.3853048411,0.9974573774],[0.0002346963,664.9178290491,0.9334187948,4994.7898136933,0.1241131751,179.6351003274,19314.2414257243,8.5741299665,13.2765009329,0.0001528669,5.2331780796,-0.2549425274,0.9893943393],[0.0002415957,370.9219877186,0.9160678477,2209.6361332581,0.1660270279,220.9859685507,8467.6225453139,8.4652688304,12.9247341646,0.0002142705,4.7788357876,-0.2794393242,0.9919216568],[0.2987322022,694.6680645072,0.904448997,3634.4216516838,0.6600080538,453.6256864773,13843.0185422279,4.2980214332,5.9379206896,0.0014864813,3.1884467988,-0.4029207518,0.9744791408],[0.0001910637,3096.1123320698,0.6467105508,4381.6830391268,0.0676955443,350.2598995037,14430.6198244372,8.311294841,13.4065071612,0.0000563416,6.4127930295,-0.1213800382,0.9063025747],[0.0016461183,4322.5340456951,0.6692254152,6535.1153668505,0.0854381344,272.522840023,21817.927421707,8.750153671,14.3731128397,0.0000448976,6.7370800795,-0.1323323685,0.9317833863],[0.0101548011,722.1930654786,0.9127327912,4139.6491971582,0.3417936612,334.2327793089,15836.403723154,7.0623664654,10.6984555661,0.0003651863,4.7465241525,-0.2705194609,0.9817871696],[0.0930809857,2346.6827077873,0.6180544212,3071.3557639578,0.4478735063,52.7783326243,9938.740348044,5.854482749,8.65150392,0.0006270938,4.5792585577,-0.2291349027,0.9438254491],[0.3784399606,368.5983934864,0.9376118722,2952.9823216052,0.714629076,463.3108448738,11443.3308929343,3.6806251745,5.0133782701,0.0017740487,2.6664765335,-0.4123980816,0.9619849538],[0.0036502429,538.0370963806,0.9335102395,4047.5578803402,0.1736404534,252.7846440694,15652.1944249802,8.3612830953,12.9318126014,0.0001521764,5.2213374142,-0.2623593456,0.9895383108],[0.001525303,590.3010827303,0.9303765233,4238.9392907581,0.2926173273,196.4821804038,16365.4560803023,8.3845948087,12.4124494376,0.0002914225,4.7523659565,-0.3369893101,0.9965515121],[0.0457176681,470.4791533156,0.9753828435,9557.3745195847,0.5375971926,250.763121082,37759.0189250233,6.7498663474,9.2228459196,0.0009263639,3.6309126186,-0.4858078945,0.9986299783],[0.000373951,489.7326194791,0.944768936,4433.1115870098,0.1747586932,264.3039523682,17242.7137285601,8.3744528896,12.7699578544,0.0002017739,4.9764007173,-0.2712724067,0.9900994397],[0.3017492875,3161.6117506787,0.7980871329,7826.8998175402,0.6083638347,425.7848455965,28145.9875194823,4.2542613664,5.7031696966,0.0012908399,3.5091843885,-0.2253010601,0.8739208311],[0.0014765187,67.7501333874,0.9566400104,781.4501892363,0.3216299545,209.0220239436,3058.0506235577,7.3950501697,10.6454445779,0.0006212451,3.5829490801,-0.3419879667,0.9931273473],[0.0328050481,479.1553641345,0.9527585126,5073.2434998177,0.4527273643,400.5205765847,19813.8186351361,6.8651067297,9.6453413227,0.0006152896,3.9429833703,-0.398500645,0.9956448954],[0.0001579773,642.2842963333,0.8616409892,2322.775794702,0.0924173596,241.7477973083,8648.8188824745,8.3872720653,13.3943367705,0.0001167953,5.4410868052,-0.2002145082,0.9722695858],[0.0083222416,5670.9781825959,0.7001898858,9457.8627605749,0.1399521065,205.8461248341,32160.4728597037,8.3150540816,12.7503811425,0.0000679099,6.8168892865,-0.1509124732,0.9354102585],[0.0017636106,661.2386986517,0.91792262,4027.4141201583,0.247290918,365.4453127224,15448.4177819814,8.0668384078,12.1019208847,0.0002685924,4.781972075,-0.3037922816,0.9929504132],[0.0009704969,400.9094218781,0.9215616278,2555.689759337,0.3207662665,201.5109198017,9821.8496154698,8.1802870317,11.8497082357,0.0004142665,4.2703998924,-0.3596067924,0.9970752034],[0.0002528839,330.7074995079,0.9215079491,2106.3266340626,0.1937940427,254.705398171,8094.5990367426,8.4850473227,12.9417046504,0.0002338389,4.764558801,-0.2777334286,0.9913911107],[0.0043942805,450.8151797029,0.7859975237,1053.1191631963,0.2562405934,308.9236340005,3761.6614730825,6.4183883368,10.1513469149,0.0003439485,4.4682682192,-0.1911988932,0.9379094351],[0.3490820701,2868.1676152632,0.7224877139,5167.1552847778,0.6594453766,447.4366668629,17800.4535238478,4.0581142567,5.545566507,0.0015341774,3.3289622932,-0.3136659202,0.9341607734],[0.0005064161,260.8666724813,0.9760307814,5440.8246033583,0.2147619637,342.7655790162,21502.4317409517,8.3543755744,12.2310998553,0.0003005964,4.3841743186,-0.3397804801,0.9964159805],[0.0001337443,555.0037190886,0.9133129584,3202.4172739935,0.1200054865,200.228104299,12254.6653768854,8.6413485543,13.4161540687,0.0001460696,5.2381287217,-0.2544796534,0.9895516671],[0.0135556171,670.3012142747,0.9249315677,4465.6419924484,0.2245380108,218.9764686241,17192.2667555189,7.96784986,12.228071679,0.000194907,5.1311443323,-0.2755948565,0.9896959563],[0.0206078882,709.0626927548,0.8605445172,2542.455431345,0.380729262,153.2086620675,9460.7590326254,7.0373624203,10.4560258023,0.0004364969,4.550300639,-0.3070395874,0.9884391167],[0.3401958906,313.9395075774,0.9028630656,1615.5173153628,0.7129451654,34.9992341674,6148.1297538736,3.8535541948,5.2783407677,0.0018006992,2.6621834528,-0.4151406469,0.9676925353],[0.1651000381,5861.5156972685,0.6320444938,7963.7520515434,0.4777063775,423.0868992273,25993.4925089049,5.0181039066,6.9972437313,0.000765173,4.1550970788,-0.1344542341,0.795706125],[0.098941637,488.90104017,0.9693782586,7986.4579309146,0.5331549698,371.9243951894,31456.9306834883,5.9597949028,8.2499698465,0.0008969487,3.6469540349,-0.4084903362,0.9925034523],[0.0014456583,89.7343069572,0.9477605871,858.811988822,0.3087811035,298.2847751522,3345.5136483309,7.4873452497,10.8833712727,0.0005564693,3.7931708241,-0.3275670866,0.9922197304],[0.0009260808,213.4828520439,0.9737422681,4066.3612463691,0.2386095798,219.772621103,16051.9621334325,8.5837333611,12.4903167428,0.0002904996,4.45817943,-0.3575167305,0.9975600788],[0.0419904235,364.1254042494,0.8825317169,1549.8657589843,0.6235435302,43.0319573307,5835.3376316877,5.770212785,7.7861846607,0.0012533605,3.2269162251,-0.4455533899,0.9939304529]]}