{"columns":[0,1,2,3,4,5,6,7,8,9,10,11,12],"index":[0,1,2,3,4,5,6,7,8,9,10,11,12,13,14,15,16,17,18,19,20,21,22,23,24,25,26,27,28,29,30,31,32,33,34,35,36,37,38,39,40,41,42,43,44,45,46,47,48,49,50,51,52,53,54,55,56,57,58,59,60,61],"data":[[0.2142310641,605.0760464234,0.9485236284,5875.4722803658,0.5805780971,409.1483081471,22896.8130750396,5.1044388082,7.2791294641,0.0011289783,3.5771065767,-0.3697600167,0.9810451339],[0.2283377469,300.1299720383,0.9722762315,5411.1200469071,0.6335715186,404.8672774477,21344.3502155899,5.1082107491,6.8144582063,0.0012778149,2.9084084954,-0.4749657003,0.9925816287],[0.0047960094,757.7614472725,0.9158290055,4499.2375567531,0.4484676856,363.5155248742,17239.18877974,8.070197663,11.097551229,0.0006096503,4.0881458525,-0.4450480048,0.9990280616],[0.0002924796,673.0867328039,0.9530214683,7164.335103755,0.1635035325,222.2451617901,27984.253682216,8.6008693729,13.0408086019,0.0001824073,5.1686143102,-0.288855061,0.9932284814],[0.0021055479,236.1815098812,0.8649085496,873.8362034284,0.4225105541,138.621337871,3259.1633038323,7.5337840666,10.5015758956,0.0006615355,3.5690197901,-0.4006594883,0.9970632032],[0.0019646914,516.6987536205,0.9099708241,2870.1445159052,0.2491584206,196.9486115678,10963.8793100003,8.0586331092,12.0736438511,0.000265124,4.6939236191,-0.3008282372,0.992470351],[0.4442151578,826.9428060178,0.8042542168,2111.3059839441,0.7149830552,374.2168515164,7618.2811297585,3.5361212646,5.0448811998,0.001835443,2.6768914323,-0.410939814,0.962079032],[0.0041893389,301.4070571211,0.9441454727,2697.3361094208,0.5046473488,351.5505260839,10487.9373805623,7.7230083288,10.2849712412,0.0008485554,3.473863911,-0.4817727346,0.9991872691],[0.0019231138,193.0530630068,0.8669691462,725.3854991751,0.3760283082,231.9887776713,2708.4889336936,7.5727612313,10.8895440634,0.00055478,3.8616080221,-0.3551328528,0.9950292744],[0.0008096836,536.0368649506,0.8650585067,1985.4917522866,0.2868957453,365.7514881095,7405.9301441956,8.0991370974,11.6561609693,0.0003971508,4.2010141958,-0.3635646166,0.9968570363],[0.0046873563,1141.0345493233,0.9170571951,6875.9139314265,0.4533227105,309.8723624519,26362.6211763828,7.8676866031,10.6422940699,0.0006468591,3.8143932128,-0.4443463695,0.9987370248],[0.0040145453,295.3394059475,0.9158902793,1755.0138031435,0.4634548303,397.5223296311,6724.7158066265,7.63036859,10.4618001432,0.0006759233,3.6351724635,-0.4348548544,0.9982891648],[0.0112853241,4095.6607733765,0.5583453315,4636.0287212119,0.193827997,404.1572181453,14448.4541114711,7.6177644791,12.0726936268,0.0001213769,6.3588472725,-0.1565126538,0.9327832839],[0.3580496166,802.9880785263,0.9553399066,8987.4481668912,0.6609184861,394.6566430279,35146.8045890385,4.1843326953,5.8660148356,0.0015490922,3.07426086,-0.387112496,0.9692290463],[0.0002749038,375.505984264,0.9181280975,2293.0113248221,0.1759786713,174.5667854504,8796.5393150242,8.2307291424,12.7226416145,0.0002605368,4.8626899179,-0.2537414359,0.9867476328],[0.2185902019,835.6267366962,0.951144526,8548.927250779,0.6334829288,388.8875589287,33360.08226642,5.0454963461,6.8316342058,0.001311251,3.0782522047,-0.4350696827,0.9884232731],[0.0001343256,1187.0439470059,0.8613978019,4283.6200879898,0.1385156628,210.4316407645,15947.4364049532,8.7542593952,13.9549369372,0.0001180955,5.7203785456,-0.2125962878,0.979734806],[0.039152628,154.3001823013,0.9056157367,817.0060196112,0.5445240259,408.3117466216,3113.7238961437,6.1005945606,8.4981143766,0.0008954235,3.299067089,-0.4196279084,0.9941302372],[0.000492307,2086.9154515824,0.8350536687,6325.4611368865,0.0900689429,308.6452503719,23214.9290959638,8.6212733457,13.8576378274,0.0000682917,6.1673629212,-0.1866284906,0.9704536257],[0.1278915055,150.1467631684,0.9482222109,1449.1756048553,0.5633508752,44.6046855148,5646.555656253,5.3641025826,7.3812420528,0.0009870599,3.2214899228,-0.397887682,0.9859657641],[0.0001928296,1415.1992965274,0.7894811169,3360.4678016907,0.0764980598,250.0234153713,12026.6719102355,8.1950351121,13.5197917133,0.0000885606,5.8817777767,-0.1559030545,0.9454268296],[0.0004960703,602.9296213848,0.8825523489,2570.0044253111,0.2175158563,351.8488732171,9677.0880798596,8.3168896368,12.4772146844,0.0002717103,4.7018227946,-0.3025267724,0.9934843413],[0.0008972632,232.2288224419,0.8729339569,916.115215031,0.2268580074,292.9524989612,3432.232037682,7.6660258798,11.7445377415,0.0002636624,4.4651559509,-0.2526783426,0.9812804911],[0.0009283055,62.9893971285,0.9590466621,768.974861854,0.3269561317,245.1857985592,3012.9100502874,7.7212739131,10.9257700828,0.0005149308,3.4829870739,-0.3809571138,0.9967542013],[0.2102516981,324.5738569793,0.9495637392,3216.3519243568,0.5936233574,438.9170496819,12540.8338404477,5.1221280271,7.1628863673,0.0011521687,3.3372679233,-0.4052307459,0.9863704391],[0.0001918747,1972.9646049321,0.6664961765,2958.059041556,0.1544617673,245.8669602162,9859.2715612921,8.5971181527,13.961482176,0.0001166195,6.0080463859,-0.1891914136,0.971822372],[0.0000829651,1877.2270630687,0.6892373104,3020.320308185,0.0444890731,297.955684345,10204.0541696713,8.4247886368,14.2791175346,0.0000478807,6.3714348904,-0.1108070456,0.9014140685],[0.0004519174,611.356665902,0.9202602947,3832.879022372,0.1534047689,360.316679228,14720.1594235858,8.116950835,12.5899834512,0.0001883656,5.0720853268,-0.2475616185,0.9851331558],[0.0004765921,333.4008774453,0.9159482643,1983.5245540116,0.2476940507,205.3294094153,7600.6973386011,8.2146563382,12.2665000483,0.0002901801,4.5186793308,-0.3090043269,0.9939277046],[0.2278583183,1244.5349599059,0.7696539,2700.699988507,0.5824213635,60.2434267407,9558.2649941219,4.9731947871,7.0953482812,0.0011251845,3.6016118796,-0.3457098377,0.973355191],[0.2522712539,640.7364654972,0.9513365602,6581.2089905399,0.5951506745,393.3716301398,25684.0994966623,4.9872190608,7.0207032463,0.0012029844,3.4176654888,-0.3998107763,0.9845755146],[0.0002698509,549.1319709826,0.9291697046,3876.1643483939,0.2100506851,210.7673249467,14955.5254225929,8.7661327942,12.9663191983,0.0002624811,4.658993747,-0.3345071669,0.9968324914],[0.3437627716,70.8883770642,0.9733005472,1327.0356825328,0.7632001036,36.1042539438,5237.2543530671,3.8236017683,4.9713168177,0.0031024099,2.0559992395,-0.5167827355,0.9836911215],[0.0035821757,175.0619422482,0.9676300785,2709.5900391212,0.379979785,154.3565466172,10663.2982142367,7.8277989714,10.983400695,0.0005197506,3.7653911094,-0.4009206409,0.9976775545],[0.2939470734,991.2543920341,0.9318354137,7269.3431238285,0.6277119871,390.8657708515,28086.11810328,4.5885262112,6.4812552722,0.0013376517,3.2149146385,-0.3886786115,0.977514212],[0.000124123,862.0354984523,0.9152501532,5085.4040021961,0.081719162,205.0647155988,19479.580510332,8.4861457236,13.7145191457,0.000101893,5.6131562614,-0.1911604047,0.9707304028],[0.0001072058,888.8789471482,0.9213541187,5653.7190491149,0.0850465879,228.9440588241,21725.9972493114,8.6162686471,13.8500248624,0.000101096,5.6317107256,-0.2010889783,0.975733152],[0.0009750658,270.0053950676,0.9649661992,3853.2297649999,0.4242699935,303.0968899653,15142.913664932,8.4799709935,11.4710568664,0.0006491708,3.5897704546,-0.4733298436,0.9995413477],[0.0008116969,654.4805909506,0.8321768825,1949.6806192968,0.1807357309,124.3278452561,7144.2418862367,8.1001297748,12.832016351,0.0001523398,5.3101416427,-0.2108880634,0.9745091313],[0.0003320341,182.2492846261,0.9637748288,2518.0890064912,0.1688454976,304.4693505764,9890.1067413388,8.1952502075,12.3665106535,0.0002405508,4.5068552162,-0.2907716452,0.9918045012],[0.0011789041,184.0095880334,0.8807875382,772.1295172391,0.2921379253,139.3125330767,2904.5084809232,7.6075337035,11.3453098878,0.00045674,4.1631932501,-0.2978703488,0.9896592468],[0.0002487044,467.1364988419,0.90525576,2464.9254314915,0.1727271487,306.5608286624,9392.5652271241,8.4366621679,12.9855328431,0.0002110074,4.8960676657,-0.2668965748,0.9897236524],[0.0001239819,1056.7121490467,0.7668684003,2266.1772438733,0.0868023975,261.8908000708,8007.9968264466,8.3797207638,13.7544682263,