{"columns":[0,1,2,3,4,5,6,7,8,9,10,11,12],"index":[0,1,2,3,4,5,6,7,8,9,10,11,12,13,14,15,16,17,18,19,20,21,22,23,24,25,26,27,28,29,30,31,32,33,34,35,36,37,38,39,40,41,42,43,44,45,46,47,48,49,50,51,52,53,54,55,56,57,58],"data":[[0.1981411162,651.8908581778,0.9633164727,8888.2493536842,0.6508374379,369.3323339199,34901.1065565587,5.1779462649,6.9777683226,0.0014450742,3.0294277019,-0.4820699989,0.9939948399],[0.0126150535,596.0345459816,0.9202931977,3739.9745426441,0.2433192309,229.9313091257,14363.8636245946,7.3963508258,11.3614401091,0.0002362265,4.7902788362,-0.2707381357,0.9853240683],[0.0345649391,444.203230887,0.9776430131,9936.8007973787,0.6685905361,330.6799077559,39302.9999586277,6.798348835,8.5343688489,0.001430945,2.8087993053,-0.5975195013,0.9996437394],[0.0175192845,347.6111646917,0.9594327844,4285.2129911322,0.328812807,194.5899357274,16793.240799837,8.1274978418,11.7223310857,0.0003627153,4.3506724157,-0.3818239068,0.9978890074],[0.0178832952,1229.8886041219,0.8922887576,5709.4922457511,0.3021806368,196.1220137242,21608.0803788824,8.0879715621,12.0863512928,0.0002905114,5.0281937171,-0.3221337851,0.9950725215],[0.012480972,208.7721403001,0.9237059554,1368.5390394001,0.527639127,129.3726997403,5265.3840173002,7.3362902042,9.9969692771,0.0008391899,3.4522478594,-0.4595012459,0.9986648307],[0.0173591109,841.4654268286,0.9047168556,4415.8724588743,0.2052424206,158.1601944842,16822.0244086685,8.079561575,12.5919781986,0.0001615095,5.4500366567,-0.255947273,0.9874056424],[0.0263757104,3402.521094718,0.7991171985,8469.4297686128,0.3014322093,256.9990254926,30475.1979797332,7.8652884369,11.8673958837,0.0002957672,5.5802709422,-0.2739468116,0.9883381691],[0.148540505,1364.2733383978,0.9431641812,12002.0258189713,0.5741653075,209.1111388532,46643.8299374874,5.5438353334,7.6655758898,0.0011229706,3.7509703911,-0.4002163635,0.9891138162],[0.1412793105,3497.0581547423,0.8375112922,10763.0658179957,0.5645072607,355.999343286,39555.2051172406,5.5673347743,7.7514955285,0.0010833528,3.7453696454,-0.3801643268,0.9867319735],[0.0240969301,1593.2105285123,0.9243867145,10536.461415923,0.3948702932,274.8059045664,40552.6351351797,7.6871296852,10.9534460404,0.0004743209,4.5785436073,-0.3752821722,0.9967371923],[0.0585097541,1046.0667362504,0.942447563,9090.9849213831,0.441299203,279.4842206152,35317.8729492819,6.644661324,9.5384977186,0.0006329407,4.4195543336,-0.3632939262,0.992639355],[0.0201448653,359.813639816,0.9774887402,7992.3908926174,0.4592705647,216.6616565656,31609.7499306536,7.4761498094,10.1411856381,0.0006396577,3.6467374874,-0.4606318334,0.9988016406],[0.0157009148,423.620592381,0.969855413,7026.0661476339,0.3302220282,152.5762225145,27680.6439981545,7.7403525334,11.1431151153,0.0003775628,4.2997471701,-0.3747505004,0.9969739138],[0.1205306962,745.9943920703,0.9654090932,10786.1292838405,0.6100917299,343.1638810992,42398.5227432917,5.5493626464,7.398116555,0.0012224279,3.256944063,-0.4722441739,0.9947924208],[0.1193622186,820.8755003065,0.9647367713,11640.5984388193,0.5508954708,298.3713210759,45741.5182549708,5.8788687027,8.2155114567,0.0010304717,3.7850503951,-0.4111118715,0.9928196715],[0.1633446075,811.3391089775,0.9676563667,12543.6643247847,0.6398179689,300.5472292105,49363.3181901615,5.0737986677,6.8191639015,0.0014342032,3.2329882208,-0.4662964525,0.992041577],[0.1117325717,835.8135420581,0.9602372631,10511.1430607766,0.5292267995,272.8558458029,41208.7587010483,6.0655906065,8.5870486482,0.0009414584,3.8806812293,-0.4011183682,0.993218414],[0.0207987133,409.3878604079,0.9518021621,4247.8124163177,0.5042840222,201.6491515241,16581.8618048628,7.3025138511,9.8117068175,0.0007941913,3.4553031557,-0.4750164627,0.9988420565],[0.1235435715,698.4258189965,0.9641878172,9753.3749672463,0.5686569388,345.7638149461,38315.0740499889,5.6276473494,7.8116897857,0.0010886559,3.6429853622,-0.424171104,0.9924803272],[0.1104577541,1475.8279829984,0.9454720243,13533.1622412198,0.529019649,240.9417043414,52656.820981881,5.7073122974,7.9175413655,0.0009443863,3.9266134078,-0.3699502478,0.9860310776],[0.0309765935,410.4691888807,0.9683051082,6475.6210833114,0.4946780122,104.5342232704,25492.015144365,6.7440524062,9.2623415479,0.0007388354,3.6934047292,-0.4273087965,0.9966305547],[0.1171681421,345.4639037781,0.9318184986,2533.3748927003,0.5736211606,65.6828041752,9788.035667023,5.6445341019,7.8835298819,0.0010677546,3.4038061823,-0.4102323518,0.9912964674],[0.2208137081,495.871849189,0.9536723,5351.2904706599,0.5713787568,100.184217771,20909.2900334504,5.3863461316,7.6436986287,0.0011003278,3.5755342476,-0.3995059069,0.9888497714],[0.0244541165,392.4706241751,0.935481831,3049.5449832431,0.4223216322,138.9032379964,11805.7093087972,7.6758565854,10.6803975337,0.0005455609,3.9297676609,-0.4331367694,0.9985490014],[0.1624972488,727.4631531661,0.9722259769,13096.8286684868,0.6145380307,273.9527887391,51659.8515207811,5.2415356764,7.1106592515,0.001275199,3.2383279353,-0.4499099618,0.9918670902],[0.0164278375,331.5100482813,0.9705897426,5636.9159777599,0.3269656241,192.9410960281,22216.1538627585,8.1346827289,11.6347248399,0.0003621631,4.2933223147,-0.3928609112,0.9982370725],[0.2089214277,648.7529094512,0.9569966817,7544.9533698949,0.6127414076,293.9776051787,29531.0605701282,5.1354987088,7.2970126154,0.0013438888,3.3935725204,-0.4269902505,0.9903810324],[0.0163060416,194.0232244205,0.9706256943,3303.1016744497,0.4210194539,155.2540646528,13018.3834733781,7.9049145272,10.9299076977,0.0005656469,3.7446151698,-0.4410621666,0.9989287975],[0.122408396,953.4089379173,0.9544429778,10466.2706396062,0.5700588989,336.0637222404,40911.6736205075,5.937497789,8.091691858,0.0010623534,3.5621481031,-0.4358242135,0.9944408365],[0.0257571291,957.74504653,0.8960440456,4607.0438071231,0.2519429139,185.521460729,17470.4301819625,7.6642028533,11.9617459317,0.0002142315,5.3679756613,-0.2436678004,0.9815806076],[0.1601692544,474.6627202124,0.9820365539,13213.0546854821,0.6629765025,286.9859349048,52377.5560217159,5.2052150115,6.8015667356,0.0014373886,2.806705697,-0.5064545949,0.994987161],[0.0358791659,471.6964070116,0.9712892003,8216.8720578094,0.427830406,314.2782686374,32395.791824226,7.1036396409,10.1408984351,0.0005597167,4.0238194381,-0.3950315113,0.9965316696],[0.0209303022,516.4334610214,0.934278761,3929.1284135817,0.5002118252,161.8333921015,15200.0801933054,7.870271715,10.4037457374,0.0007740429,3.5379055511,-0.5131180555,0.999597366],[0.1391282584,539.7694277885,0.9617021784,7048.8004342259,0.5772299717,302.3180917458,27655.432309115,5.7036325564,8.0523507544,0.001089314,3.5044507391,-0.4372785338,0.9944086602],[0.1047625713,735.9419334176,0.9654439091,10651.11576795,0.6725461458,348.9973860571,41868.5211383825,5.4445215751,7.1128132334,0.0015523994,2.9839676766,-0.5253431974,0.9968176525],[0.0181113724,167.4503195236,0.9784411938,3885.2911260175,0.4469875698,262.0327064153,15373.7141845463,7.1964856893,9.8005804562,0.0006493485,3.3118790464,-0.4401840312,0.9979260623],[0.0206255141,875.0847216641,0.9354189391,6776.1312080017,0.4189502897,256.855566984,26229.4401103426,7.7545530468,10.8642205482,0.0005262946,4.2475856454,-0.4168293089,0.9983147204],[0.0174718307,300.9414917256,0.9446039191,2716.8908936465,0.3387721225,144.4412543347,10566.6220828602,7.7284650578,11.1340952271,0.000406816,4.170149219,-0.3748896774,0.9969173885],[0.1315159895,580.4030036483,0.9554576556,6516.8030578684,0.5583720837,293.3227201766,25486.8092278255,5.4158665118,7.823110744,0.0010323471,3.6182410994,-0.3836159363,0.9876245397],[0.033517898,308.1517030324,0.9544318785,3381.4864401839,0.4487042635,138.0303068563,13217.7940577033,6.8653783419,9.6077636946,0.0006135313,3.8731729587,-0.4207077404,0.9969085729],[0.0145649492,285.2256261033,0.9702470232,4793.6281586045,0.3110291302,138.2026946518,18889.2870083147,7.8533938673,11.3205747915,0.0003471706,4.2278178676,-0.3744638673,0.9971581922],[0.1566047809,482.4129550237,0.9554248026,5410.6156068967,0.5959589553,107.217887981,21160.0494725631,