{"columns":[0,1,2,3,4,5,6,7,8,9,10,11,12],"index":[0,1,2,3,4,5,6,7,8,9,10,11,12,13,14,15,16,17,18,19,20,21,22,23,24,25,26,27,28,29,30,31,32,33,34,35,36,37,38,39,40,41,42,43,44,45,46,47,48,49,50,51,52,53,54],"data":[[0.0251623944,2408.9242030459,0.8441794061,7729.8299870785,0.3006131707,155.5988281153,28510.395745268,7.6791642258,11.6936022703,0.0002938969,5.450638794,-0.2652480437,0.9858496424],[0.0301944078,2057.3726999523,0.7763860761,4600.4121602649,0.3656831741,92.3353117358,16344.2759411073,6.9938456215,10.4871206498,0.0004096676,4.8619315161,-0.2873862542,0.9848796967],[0.0208320236,1038.3215348926,0.9174225486,6287.4042778657,0.2406282369,242.2475103909,24111.2955765702,7.9413781686,12.2458987871,0.0002038856,5.293847456,-0.2728948687,0.9895003356],[0.0288719735,1007.3713008302,0.901254976,5101.1576525697,0.2587594065,154.6232646936,19397.2593094488,7.8674030378,12.013984362,0.0002293461,5.2609005847,-0.283602157,0.990483389],[0.0778674523,136.6627106377,0.9608053974,1743.3084819869,0.4393867174,79.2049127358,6836.5712173098,6.4829076811,9.3380268464,0.0009986912,3.8240165426,-0.3710265531,0.9927371711],[0.0237071709,1615.8965380068,0.9088067644,8859.8814703928,0.2604701164,163.8202178046,33823.6293435643,7.6123009706,11.478388477,0.0002354848,5.2414804705,-0.2570213431,0.9829187911],[0.0318817844,1406.0666974198,0.9112125575,7918.0733358675,0.2650010458,154.150745719,30266.2266460503,7.6622064692,11.5539336688,0.0002427246,5.2529166972,-0.2643937028,0.9847231017],[0.055175592,2811.117680211,0.8800843668,11721.3018434707,0.3709909359,216.5117716427,44074.0896936717,6.8879486309,9.7586789178,0.000451812,4.8978510295,-0.2894105698,0.9814083088],[0.0290476091,1390.0659094189,0.9016625349,7068.0425379206,0.2511982434,228.7572951941,26882.1042422636,7.8763459544,12.2316039142,0.0002133237,5.4781666144,-0.2689856717,0.9887547583],[0.0290380959,669.7784288982,0.888607015,3006.3912937609,0.2493009106,142.6751129177,11355.7867461452,7.3942777108,11.49007928,0.0002288708,5.0506433407,-0.2541779505,0.9821538303],[0.0199046783,947.4677792292,0.9405602529,7969.923443749,0.2772998939,181.6608998848,30932.2259957666,8.0229527423,11.9955360335,0.0002586289,4.9990785015,-0.3139396139,0.9942362082],[0.0485840437,1632.1668766091,0.9159322245,9707.7080178452,0.3769226682,196.744770987,37198.6651947718,6.9556533923,10.3779100777,0.0004725601,4.9833681401,-0.2893250136,0.9849288086],[0.0199468733,1204.5110305474,0.9064017091,6434.3933742833,0.33432924,215.7587181188,24533.0624665857,8.0034502282,11.6898341218,0.0003499204,4.7920046584,-0.3543185279,0.9967089356],[0.0243675802,416.684626519,0.9524806137,4384.7472512634,0.3475974629,147.20510624,17122.3043785345,7.745927391,11.2443326811,0.0003785718,4.4971175635,-0.3654333239,0.9966683916],[0.0269553827,3713.9185632605,0.698247775,6153.8410510063,0.3113317685,156.9109609608,20901.4456407646,7.4467029625,11.4468473193,0.0003047488,5.4548485697,-0.3044293761,0.991752716],[0.0207102639,1747.1319264573,0.8904002761,7970.5036073259,0.281328233,188.7324501997,30134.8825028463,8.0468298894,12.1965912139,0.0002512414,5.3851114899,-0.2865942301,0.9914442956],[0.0202378141,673.8895456135,0.9484746432,6539.2902497581,0.3394130278,185.1074824443,25483.271453419,8.012920754,11.6820593336,0.0003626122,4.6030246915,-0.3644875698,0.9972253854],[0.0184343361,2215.6237179769,0.8446965528,7133.1263997927,0.1916690314,204.7061013594,26316.881881194,8.2420618158,13.1489745579,0.0001312609,6.0725166722,-0.2000984753,0.9726156121],[0.0256397173,1998.7704585592,0.8685102011,7600.4163454123,0.2412276133,179.0205976867,28402.8949230899,7.9892464643,12.3149189007,0.0001966282,5.6235900959,-0.2371801049,0.9813020997],[0.0193280528,1040.2739591711,0.9159190082,6186.3416558827,0.2809145986,178.1908898378,23705.0926643597,8.1239345435,12.1791302143,0.0002577444,5.1009862709,-0.319065542,0.9950426107],[0.022319919,1668.4290817033,0.8762549277,6741.5181044701,0.2431248849,204.7366947137,25297.6433361773,8.137382455,12.6218665059,0.0001967957,5.5791523828,-0.2646812277,0.9892973137],[0.0216227546,1417.0900022817,0.9046848478,7433.8450059573,0.2345121348,204.9160492965,28318.2900215477,8.0831498438,12.4655450348,0.0001928964,5.5004119115,-0.2665035135,0.9890400527],[0.0218471641,510.8591474198,0.9691213411,8272.2129297965,0.2917769261,229.1626495606,32577.992571766,8.09858815,11.9358411989,0.0002887112,4.7074125345,-0.3475272738,0.9966869112],[0.0167657561,1569.0355318822,0.7806938365,3577.2918308138,0.281962344,94.349757121,12740.1317913731,7.4486202341,11.52471933,0.0002578889,5.2364995769,-0.2372542907,0.9766541265],[0.0255886736,1238.1410931979,0.9230081339,8040.9059128816,0.2953066534,187.5139174169,30925.4825583283,7.8635954398,11.7852044662,0.0002866124,5.1577626595,-0.2958442393,0.9914525201],[0.031473975,1684.1770659556,0.9009398625,8501.0186272094,0.3253193818,240.2408405352,32319.897442882,7.5713664506,11.5283634927,0.0003575234,5.3446857956,-0.2975032978,0.9910527233],[0.0436125141,1259.1726425773,0.9398705418,10470.8043053972,0.3898668096,260.3398203953,40624.0445790113,7.1003607897,10.2729994183,0.0004916879,4.6498642972,-0.341117801,0.9926339501],[0.0149031664,1369.9395393103,0.8413385347,4317.1770911691,0.236332682,156.2610463899,15898.7688253661,7.9362988675,12.400196486,0.0001946047,5.4102963474,-0.2515893012,0.985614023],[0.0195008227,481.8116579958,0.9269201118,3296.2239429568,0.3679029444,110.2933771536,12703.0841138313,7.6947707195,11.3200472662,0.0004357858,4.5004912433,-0.3362531806,0.9947544583],[0.0266306735,1346.1287903936,0.8971070735,6542.0766494479,0.3035637847,213.2257538478,24822.177807398,7.5732706638,11.5881882403,0.0003006799,5.1911772501,-0.2937639299,0.9906175601],[0.0191015026,1703.1931444296,0.8817700664,7202.9160150772,0.2540663934,179.2962520041,27108.4709158792,8.146789484,12.5486807037,0.0002108763,5.4850053701,-0.2694005719,0.9897711913],[0.0209438692,1059.3481656938,0.8854884789,4625.6121349846,0.2659508277,137.7316302988,17443.1003742446,7.8974110955,12.1264921922,0.0002277381,5.3066816361,-0.2607851689,0.9867297339],[0.0214429213,1064.5044979426,0.922937509,6906.9189230706,0.3026941692,206.8087440087,26563.1711943398,7.9238864545,11.9463215846,0.0002873995,5.0683565008,-0.3075115148,0.9933981997],[0.026306824,826.5904986392,0.8428530214,2629.9240618343,0.4537439997,151.3096369464,9693.105748698,7.3297056104,10.5067899253,0.0006081717,4.2162685117,-0.3858953552,0.9966847397],[0.1425982456,818.8635578814,0.9299493282,5844.6528663579,0.6086462626,78.8576023372,22559.74790755,5.1938465204,7.0279162293,0.0012428756,3.3767927529,-0.4026211198,0.9853672336],[0.0398044274,880.6589147676,0.9351849895,6793.5281989043,0.3277062534,152.5403889817,26293.4538808496,7.6346122174,11.3393126498,0.0003378486,4.895170879,-0.3266782336,0.9939946778],[0.0194736633,705.0486329274,0.9296967604,5014.6666555776,0.2799597247,193.5203518779,19353.6179893831,7.9111969687,11.9099210893,0.0002652164,4.9021448321,-0.3112654597,0.9937658195],[0.0330860725,777.13285751,0.919292168,4814.344866916,0.4134142149,123.5551584029,18480.246610154,7.3769092233,10.6910544553,0.0005165723,4.4481256817,-0.3699226246,0.9960503605],[0.0380176036,1521.236589962,0.8670010596,5719.2526735445,0.3386971856,221.3162533928,21355.7741042158,7.386780381,11.3705327887,0.0003806054,5.2846089013,-0.2907210154,0.9894340517],[0.0377078223,760.2913514839,0.9429651039,6665.7901335041,0.3502294378,262.3747298022,25902.8691825326,7.0228016466,10.6996396039,0.000392522,4.7687574992,-0.301119134,0.9886380393],[0.0298420534,1998.8365923056,0.895061965,9524.2092058536,0.3153737734,174.0739919179,36098.000231109,7.4892792584,11.2050081703,0.0003220694,5.2969093525,-0.2659132838,0.9837085307],[0.0269930158,2234.3152394504,0.8440569415,7163.8761706353,0.3048933266,166.0093734901,26421.1894430907,7.8972699209,11.7363740405,0.0002842363,5.3873156809,-0.2938104426,0.9911730103],[0.0304577667,980.9238752927,0.9007818115,4943.1449658805,0.3862839394,131.20830655,