{"columns":[0,1,2,3,4,5,6,7,8,9,10,11,12],"index":[0,1,2,3,4,5,6,7,8,9,10,11,12,13,14,15,16,17,18,19,20,21,22,23,24,25,26,27,28,29,30,31,32,33,34,35,36,37,38,39,40,41,42,43,44,45,46,47,48,49,50,51,52,53,54,55,56,57,58,59,60,61,62,63,64,65,66,67,68,69,70,71,72],"data":[[0.0074494818,550.6854799598,0.817112004,1505.3189497387,0.2128891913,73.7538383257,5470.5903189951,7.4417559706,11.7355874665,0.0001756383,5.2108725108,-0.2079689281,0.9656648533],[0.0001089362,780.6973371747,0.8852134454,3399.7767306835,0.0733183618,340.7432022716,12818.4095855595,8.5337691114,13.8290674415,0.0000919278,5.6766974339,-0.1777666968,0.9617252183],[0.2497867487,496.0475973168,0.8876144684,2206.2999786471,0.5694395691,333.22227095,8329.1523172715,5.0423610771,7.4235748357,0.0011524396,3.5777141313,-0.3644688567,0.981229339],[0.0153283869,372.1729170654,0.97601017,7758.5301941169,0.3667090386,261.4158998351,30661.9478594022,8.2082586192,11.5169260123,0.0004281784,4.1231466064,-0.4249848786,0.9989387301],[0.0000979075,1063.9529424705,0.6611589528,1569.9246036728,0.0549894274,204.2514226316,5215.7454722208,8.1768556448,13.8021376395,0.0000667269,5.9989568927,-0.1123243919,0.8956673583],[0.2248542664,774.4563963214,0.7281512322,1424.119265502,0.5561459138,459.1441322013,4922.0206656867,4.8387313828,7.2470157264,0.0010516679,3.8480709495,-0.2730973395,0.9476489551],[0.1856867451,660.6648591078,0.9570108975,7683.0648272527,0.569712052,386.173679215,30071.5944499031,5.4860593409,7.7313540041,0.0010740836,3.6316132992,-0.4144861519,0.9911250414],[0.0038262937,1475.7993489607,0.8763305335,5967.92981447,0.1356394055,267.4883198042,22395.9199089192,8.5025327211,13.6462877556,0.0000838488,6.0452381137,-0.2055793664,0.9776265449],[0.0289895695,462.8047453574,0.8997305441,2307.4537704875,0.4125809742,430.9242365377,8767.0103365924,6.8914395181,10.0807553037,0.0005123598,4.3527931415,-0.3407768934,0.9915420315],[0.0004193493,862.1274548768,0.8828713521,3680.5040808826,0.1295927954,168.2667527856,13859.8888686535,8.6186930761,13.6292186689,0.0001164411,5.5878720959,-0.2184488924,0.9806396514],[0.0026250697,171.1817863804,0.9437319437,1522.0395086743,0.3618416527,216.2499571834,5916.9762483167,7.6726586249,10.8246476439,0.0005271523,3.7408355833,-0.3904036363,0.9971970084],[0.0023541517,326.7558786549,0.9721787396,5872.8701673586,0.2632021251,224.6216420621,23164.7247907793,8.7147877536,12.6303122085,0.0002925747,4.5034250913,-0.3713959396,0.9982736593],[0.003443591,351.6719466577,0.9740016582,6764.1375279364,0.3043170686,254.60737406,26704.8781650879,8.3124358582,11.9708353417,0.0003270745,4.4505535044,-0.3782256316,0.9980145961],[0.0000899931,612.7339833729,0.909129132,3371.5007592524,0.0765621783,250.8390770677,12873.2690536366,8.7486174195,13.9131428678,0.0000979588,5.5518678776,-0.2131025153,0.9809100416],[0.0003185998,427.3517169134,0.9345505959,3264.3954412148,0.1439911161,158.601644828,12630.2300479458,8.5907476323,13.240706284,0.0001603138,5.1151434699,-0.2618701239,0.9897129613],[0.0010206147,78.102345129,0.9607888233,996.5941416556,0.2851604989,238.7373976851,3908.2742214935,7.7132853923,10.9810801407,0.0004642122,3.5728642679,-0.3687128447,0.9961692029],[0.0004083988,1471.3873970903,0.8900096016,6690.5791102122,0.1311001457,278.4416113265,25290.9290437583,8.814694874,13.5737660546,0.0001230414,5.5411712405,-0.265662279,0.9917584475],[0.1564075453,407.246546923,0.9670425851,6177.1121556942,0.5171210884,382.6071851936,24301.2020758537,5.7551751364,7.9774227085,0.0008469829,3.6867593023,-0.3714126153,0.9864331611],[0.0001083192,829.0824947433,0.8857755734,3628.6833570919,0.0817423106,322.7369898727,13685.6509336244,8.6319289262,13.8972553503,0.0000992863,5.6444525711,-0.1907710169,0.9693968066],[0.0001538958,617.9216463736,0.8880830512,2760.3481618145,0.0955455385,291.0826109855,10423.4710008846,8.4603764212,13.5330365313,0.0001132242,5.4819018986,-0.19606006,0.9720264008],[0.0002982742,337.6014677521,0.937594078,2703.962602641,0.1152968818,339.5114185222,10478.2489428119,8.1073078602,12.5403234583,0.000218261,4.7416235002,-0.2625762313,0.9820800446],[0.0007964839,560.1229868139,0.9457138621,5160.200902351,0.1310535573,231.3992608707,20080.6806225901,8.7599292168,13.5355661673,0.0001208815,5.384052203,-0.2594702927,0.9904721635],[0.0002814061,634.5921840541,0.8232846149,1795.1635894988,0.0954491016,152.2672319871,6546.0621739409,8.0951925985,13.2710323803,0.0000968321,5.600666138,-0.158918574,0.9465263831],[0.0058096558,656.5231069138,0.9356945549,5106.6504799907,0.2050233124,321.3214970937,19770.0788130491,8.5349241995,12.9375289189,0.0001774875,5.1980655058,-0.2930099673,0.9937619564],[0.0003933666,313.5436226684,0.9734632193,5907.4032889601,0.1556022872,187.5885669641,23316.069533172,8.6389540236,13.011902634,0.0001857591,4.9107703831,-0.2998350311,0.9944774278],[0.0003877747,675.001084532,0.8978090767,3303.3764609722,0.1159139606,207.0718328435,12538.5047593569,8.6171951763,13.5365627706,0.0001199225,5.4406615017,-0.2346313338,0.9855313232],[0.0060365231,594.9277431659,0.9449009044,5400.6894460248,0.1831482616,242.9802986289,21007.8300409334,8.5872359681,13.0859938652,0.0001638674,5.1790373921,-0.2910918869,0.9938971578],[0.124577668,666.6845966541,0.9644939511,9392.5488629404,0.57098339,364.7566734791,36903.5108551076,5.6422591503,7.8252706685,0.0010695533,3.6200521656,-0.4142094117,0.9914155987],[0.0006623951,885.2425524249,0.8676062337,3343.1630795858,0.100079259,138.7913937701,12487.4097659185,8.4156248954,13.5677763558,0.0000789659,5.8510990387,-0.1668601036,0.9564617991],[0.0000933718,1294.5027757162,0.7770197964,2902.7272564924,0.0505687362,368.8646450646,10316.4062502534,8.418872479,14.0045443143,0.0000582464,6.1372760511,-0.1293480711,0.9235164539],[0.0001632499,831.5988444329,0.898570361,4099.0373158995,0.0807352134,158.4359826205,15564.5504191651,8.5749170532,13.8140481793,0.000086506,5.766821926,-0.1826098123,0.9667524077],[0.0044833658,344.9918597037,0.9428935463,3021.5153368688,0.1741046898,183.7019990888,11741.0694877715,8.306191269,12.7783261038,0.0001668909,5.0030744263,-0.268503965,0.9899022748],[0.2076378194,215.8909468625,0.9754871015,4402.426951173,0.5648139036,419.3437124068,17393.8168578293,5.4097324829,7.6212751652,0.0010479058,3.3857834619,-0.4034777287,0.9889310258],[0.0004360193,493.9183019558,0.9455508759,4536.3904617449,0.1421244543,156.2963303606,17651.643545024,8.5135958489,13.1516569079,0.0001512776,5.2205493058,-0.2536874752,0.9884215164],[0.0000297392,6025.1956610941,0.4438681301,5417.0293110096,0.029352977,243.2517792514,15642.9215829444,8.8771704479,15.3943357603,0.0000182504,7.2574454419,-0.0678966812,0.8115139024],[0.0025451962,1390.7636491804,0.8760204643,5608.6106660382,0.1450874686,137.2579167429,21043.6790149724,8.2827423178,12.995251121,0.0001030875,5.859365191,-0.2004710196,0.9714056064],[0.000113724,1218.1390168545,0.8840611092,5253.3242435061,0.0865188056,242.3425867107,19795.1579571698,8.7926498282,14.1881521316,0.0000806085,5.9588706312,-0.1818989997,0.9695944968],[0.0006869642,38.4393143001,0.9873949255,1524.470312098,0.3063822306,201.5577435532,6059.4419340918,8.0786533527,11.2496933744,0.0006076963,3.485786059,-0.4144162214,0.9984112074],[0.0005878326,741.5077591027,0.9053020244,3914.4332285024,0.1465688046,183.9886895582,14916.2251549071,8.4068655574,13.1859394398,0.000134429,5.4280912383,-0.2305506092,0.9830034255],[0.0015614036,473.8162951361,0.9196718077,2948.1972976144,0.2306242917,422.2370935831,11318.9728953215,7.3201256142,11.0765511372,0.0003107034,4.445850118,-0.2616474472,0.981002246],[0.0732524374,402.6150003331,0.9585169995,4852.7336317453,0.4011318105,368.5283412916,19008.3195266482,6.7174804966,9.8949512742,0.0005017751,4.3486738737,-0.3348087566,0.9901591738],[0.0003139074,173.8000506875,0.9754211462,3534.7276827633,0.1420194363,346.4843846311,13965.1106803659,8.2210327521,12.5274708562,0.0002126926,4.5947779599,-0.2724695641,0.9894834886],[0.0305654621,573.3765696091,0.9593307797,7050.0232791551,